Basis-of-record,Catalogue-number,Collection-code,Institution-code,Collector,Collector-number,Date-collected,Field-notes,Field-number,Type-status,Taxonomic-name,Identification-qualifier,Identified-by,Date-identified,Count,GenBank-number-s-,Lifestage,Remarks,Sex,Location,Specimen,Image,FileImage
Living Specimen,6001,Hemicycliophora sp. n. 6001TN,IEBR,None,None,None,None,None,paratype,"<a href=/taxonomy/term/10623"" typeof=""skos:Concept"" property=""rdfs:label skos:prefLabel"" datatype="""">Tylenchoidea</a>""",None,"<a href=/user/3161"">tien</a>""",None,None,None,None,None,None,None,"<a href=/node/789"">View specimen</a>""",https://nematodes.myspecies.info/sites/nematodes.myspecies.info/files/100xfem064_0.avi,./Output/001-100xfem064_0.avi
Living Specimen,6001,Hemicycliophora sp. n. 6001TN,IEBR,None,None,None,None,None,paratype,"<a href=/taxonomy/term/10623"" typeof=""skos:Concept"" property=""rdfs:label skos:prefLabel"" datatype="""">Tylenchoidea</a>""",None,"<a href=/user/3161"">tien</a>""",None,None,None,None,None,None,None,"<a href=/node/789"">View specimen</a>""",https://nematodes.myspecies.info/sites/nematodes.myspecies.info/files/100xfem065_0.avi,./Output/002-100xfem065_0.avi
Living Specimen,6001,Hemicycliophora sp. n. 6001TN,IEBR,None,None,None,None,None,paratype,"<a href=/taxonomy/term/10623"" typeof=""skos:Concept"" property=""rdfs:label skos:prefLabel"" datatype="""">Tylenchoidea</a>""",None,"<a href=/user/3161"">tien</a>""",None,None,None,None,None,None,None,"<a href=/node/789"">View specimen</a>""",https://nematodes.myspecies.info/sites/nematodes.myspecies.info/files/seq0007.jpg,./Output/003-seq0007.jpg
Living Specimen,6001,Hemicycliophora sp. n. 6001TN,IEBR,None,None,None,None,None,paratype,"<a href=/taxonomy/term/10623"" typeof=""skos:Concept"" property=""rdfs:label skos:prefLabel"" datatype="""">Tylenchoidea</a>""",None,"<a href=/user/3161"">tien</a>""",None,None,None,None,None,None,None,"<a href=/node/789"">View specimen</a>""",https://nematodes.myspecies.info/sites/nematodes.myspecies.info/files/100xfem066_0.avi,./Output/004-100xfem066_0.avi
Living Specimen,6001,Hemicycliophora sp. n. 6001TN,IEBR,None,None,None,None,None,paratype,"<a href=/taxonomy/term/10623"" typeof=""skos:Concept"" property=""rdfs:label skos:prefLabel"" datatype="""">Tylenchoidea</a>""",None,"<a href=/user/3161"">tien</a>""",None,None,None,None,None,None,None,"<a href=/node/789"">View specimen</a>""",https://nematodes.myspecies.info/sites/nematodes.myspecies.info/files/100xfem067_0.avi,./Output/005-100xfem067_0.avi
Living Specimen,6001,Hemicycliophora sp. n. 6001TN,IEBR,None,None,None,None,None,paratype,"<a href=/taxonomy/term/10623"" typeof=""skos:Concept"" property=""rdfs:label skos:prefLabel"" datatype="""">Tylenchoidea</a>""",None,"<a href=/user/3161"">tien</a>""",None,None,None,None,None,None,None,"<a href=/node/789"">View specimen</a>""",https://nematodes.myspecies.info/sites/nematodes.myspecies.info/files/seq0009.jpg,./Output/006-seq0009.jpg
Living Specimen,6001,Hemicycliophora sp. n. 6001TN,IEBR,None,None,None,None,None,paratype,"<a href=/taxonomy/term/10623"" typeof=""skos:Concept"" property=""rdfs:label skos:prefLabel"" datatype="""">Tylenchoidea</a>""",None,"<a href=/user/3161"">tien</a>""",None,None,None,None,None,None,None,"<a href=/node/789"">View specimen</a>""",https://nematodes.myspecies.info/sites/nematodes.myspecies.info/files/100xfem068_0.avi,./Output/007-100xfem068_0.avi
Living Specimen,6001,Hemicycliophora sp. n. 6001TN,IEBR,None,None,None,None,None,paratype,"<a href=/taxonomy/term/10623"" typeof=""skos:Concept"" property=""rdfs:label skos:prefLabel"" datatype="""">Tylenchoidea</a>""",None,"<a href=/user/3161"">tien</a>""",None,None,None,None,None,None,None,"<a href=/node/789"">View specimen</a>""",https://nematodes.myspecies.info/sites/nematodes.myspecies.info/files/seq0011.jpg,./Output/008-seq0011.jpg
Living Specimen,6001,Hemicycliophora sp. n. 6001TN,IEBR,None,None,None,None,None,paratype,"<a href=/taxonomy/term/10623"" typeof=""skos:Concept"" property=""rdfs:label skos:prefLabel"" datatype="""">Tylenchoidea</a>""",None,"<a href=/user/3161"">tien</a>""",None,None,None,None,None,None,None,"<a href=/node/789"">View specimen</a>""",https://nematodes.myspecies.info/sites/nematodes.myspecies.info/files/100xfem069_0.avi,./Output/009-100xfem069_0.avi
Living Specimen,6001,Hemicycliophora sp. n. 6001TN,IEBR,None,None,None,None,None,paratype,"<a href=/taxonomy/term/10623"" typeof=""skos:Concept"" property=""rdfs:label skos:prefLabel"" datatype="""">Tylenchoidea</a>""",None,"<a href=/user/3161"">tien</a>""",None,None,None,None,None,None,None,"<a href=/node/789"">View specimen</a>""",https://nematodes.myspecies.info/sites/nematodes.myspecies.info/files/seq0013.jpg,./Output/010-seq0013.jpg
Living Specimen,6001,Hemicycliophora sp. n. 6001TN,IEBR,None,None,None,None,None,paratype,"<a href=/taxonomy/term/10623"" typeof=""skos:Concept"" property=""rdfs:label skos:prefLabel"" datatype="""">Tylenchoidea</a>""",None,"<a href=/user/3161"">tien</a>""",None,None,None,None,None,None,None,"<a href=/node/789"">View specimen</a>""",https://nematodes.myspecies.info/sites/nematodes.myspecies.info/files/100xfem070_0.avi,./Output/011-100xfem070_0.avi
Living Specimen,6001,Hemicycliophora sp. n. 6001TN,IEBR,None,None,None,None,None,paratype,"<a href=/taxonomy/term/10623"" typeof=""skos:Concept"" property=""rdfs:label skos:prefLabel"" datatype="""">Tylenchoidea</a>""",None,"<a href=/user/3161"">tien</a>""",None,None,None,None,None,None,None,"<a href=/node/789"">View specimen</a>""",https://nematodes.myspecies.info/sites/nematodes.myspecies.info/files/seq0014.jpg,./Output/012-seq0014.jpg
Living Specimen,6001,Hemicycliophora sp. n. 6001TN,IEBR,None,None,None,None,None,paratype,"<a href=/taxonomy/term/10623"" typeof=""skos:Concept"" property=""rdfs:label skos:prefLabel"" datatype="""">Tylenchoidea</a>""",None,"<a href=/user/3161"">tien</a>""",None,None,None,None,None,None,None,"<a href=/node/789"">View specimen</a>""",https://nematodes.myspecies.info/sites/nematodes.myspecies.info/files/100xfem055.avi,./Output/013-100xfem055.avi
Living Specimen,6001,Hemicycliophora sp. n. 6001TN,IEBR,None,None,None,None,None,paratype,"<a href=/taxonomy/term/10623"" typeof=""skos:Concept"" property=""rdfs:label skos:prefLabel"" datatype="""">Tylenchoidea</a>""",None,"<a href=/user/3161"">tien</a>""",None,None,None,None,None,None,None,"<a href=/node/789"">View specimen</a>""",https://nematodes.myspecies.info/sites/nematodes.myspecies.info/files/seq0015.jpg,./Output/014-seq0015.jpg
Living Specimen,6001,Hemicycliophora sp. n. 6001TN,IEBR,None,None,None,None,None,paratype,"<a href=/taxonomy/term/10623"" typeof=""skos:Concept"" property=""rdfs:label skos:prefLabel"" datatype="""">Tylenchoidea</a>""",None,"<a href=/user/3161"">tien</a>""",None,None,None,None,None,None,None,"<a href=/node/789"">View specimen</a>""",https://nematodes.myspecies.info/sites/nematodes.myspecies.info/files/100xfem056.avi,./Output/015-100xfem056.avi
Living Specimen,6001,Hemicycliophora sp. n. 6001TN,IEBR,None,None,None,None,None,paratype,"<a href=/taxonomy/term/10623"" typeof=""skos:Concept"" property=""rdfs:label skos:prefLabel"" datatype="""">Tylenchoidea</a>""",None,"<a href=/user/3161"">tien</a>""",None,None,None,None,None,None,None,"<a href=/node/789"">View specimen</a>""",https://nematodes.myspecies.info/sites/nematodes.myspecies.info/files/seq0016.jpg,./Output/016-seq0016.jpg
Living Specimen,6001,Hemicycliophora sp. n. 6001TN,IEBR,None,None,None,None,None,paratype,"<a href=/taxonomy/term/10623"" typeof=""skos:Concept"" property=""rdfs:label skos:prefLabel"" datatype="""">Tylenchoidea</a>""",None,"<a href=/user/3161"">tien</a>""",None,None,None,None,None,None,None,"<a href=/node/789"">View specimen</a>""",https://nematodes.myspecies.info/sites/nematodes.myspecies.info/files/seq0001.jpg,./Output/017-seq0001.jpg
Living Specimen,6001,Hemicycliophora sp. n. 6001TN,IEBR,None,None,None,None,None,paratype,"<a href=/taxonomy/term/10623"" typeof=""skos:Concept"" property=""rdfs:label skos:prefLabel"" datatype="""">Tylenchoidea</a>""",None,"<a href=/user/3161"">tien</a>""",None,None,None,None,None,None,None,"<a href=/node/789"">View specimen</a>""",https://nematodes.myspecies.info/sites/nematodes.myspecies.info/files/seq0002.jpg,./Output/018-seq0002.jpg
Living Specimen,DS110,,,None,DS110,None,None,None,None,"<a href=/taxonomy/term/10675"" typeof=""skos:Concept"" property=""rdfs:label skos:prefLabel"" datatype="""">Myolaimus goodeyorum</a>""",None,None,None,None,"<a href=http://www.ncbi.nlm.nih.gov/nuccore/MF622935"">MF622935</a>~ <a href=""http://www.ncbi.nlm.nih.gov/nuccore/MF622939"">MF622939</a>""",adult,None,Female,None,"<a href=/node/743"">View specimen</a>""",https://nematodes.myspecies.info/sites/nematodes.myspecies.info/files/M.%20goodeyorum%20%282%29.mp4,./Output/019-M.%20goodeyorum%20%282%29.mp4
Living Specimen,DS110,,,None,DS110,None,None,None,None,"<a href=/taxonomy/term/10675"" typeof=""skos:Concept"" property=""rdfs:label skos:prefLabel"" datatype="""">Myolaimus goodeyorum</a>""",None,None,None,None,"<a href=http://www.ncbi.nlm.nih.gov/nuccore/MF622935"">MF622935</a>~ <a href=""http://www.ncbi.nlm.nih.gov/nuccore/MF622939"">MF622939</a>""",adult,None,Female,None,"<a href=/node/743"">View specimen</a>""",https://nematodes.myspecies.info/sites/nematodes.myspecies.info/files/M.%20goodeyorum%20%283%29.mp4,./Output/020-M.%20goodeyorum%20%283%29.mp4
Living Specimen,DS110,,,None,DS110,None,None,None,None,"<a href=/taxonomy/term/10675"" typeof=""skos:Concept"" property=""rdfs:label skos:prefLabel"" datatype="""">Myolaimus goodeyorum</a>""",None,None,None,None,"<a href=http://www.ncbi.nlm.nih.gov/nuccore/MF622935"">MF622935</a>~ <a href=""http://www.ncbi.nlm.nih.gov/nuccore/MF622939"">MF622939</a>""",adult,None,Female,None,"<a href=/node/743"">View specimen</a>""",https://nematodes.myspecies.info/sites/nematodes.myspecies.info/files/M.%20goodeyorum%20%284%29.mp4,./Output/021-M.%20goodeyorum%20%284%29.mp4
Living Specimen,DS110 (1),,,None,None,None,None,None,None,"<a href=/taxonomy/term/10675"" typeof=""skos:Concept"" property=""rdfs:label skos:prefLabel"" datatype="""">Myolaimus goodeyorum</a>""",None,None,None,None,None,adult,None,Male,None,"<a href=/node/745"">View specimen</a>""",https://nematodes.myspecies.info/sites/nematodes.myspecies.info/files/Male%201.mp4,./Output/022-Male%201.mp4
Living Specimen,DS110 (1),,,None,None,None,None,None,None,"<a href=/taxonomy/term/10675"" typeof=""skos:Concept"" property=""rdfs:label skos:prefLabel"" datatype="""">Myolaimus goodeyorum</a>""",None,None,None,None,None,adult,None,Male,None,"<a href=/node/745"">View specimen</a>""",https://nematodes.myspecies.info/sites/nematodes.myspecies.info/files/Male%204.mp4,./Output/023-Male%204.mp4
Living Specimen,DS110 (1),,,None,None,None,None,None,None,"<a href=/taxonomy/term/10675"" typeof=""skos:Concept"" property=""rdfs:label skos:prefLabel"" datatype="""">Myolaimus goodeyorum</a>""",None,None,None,None,None,adult,None,Male,None,"<a href=/node/745"">View specimen</a>""",https://nematodes.myspecies.info/sites/nematodes.myspecies.info/files/Male%202.mp4,./Output/024-Male%202.mp4
Living Specimen,DS110 (1),,,None,None,None,None,None,None,"<a href=/taxonomy/term/10675"" typeof=""skos:Concept"" property=""rdfs:label skos:prefLabel"" datatype="""">Myolaimus goodeyorum</a>""",None,None,None,None,None,adult,None,Male,None,"<a href=/node/745"">View specimen</a>""",https://nematodes.myspecies.info/sites/nematodes.myspecies.info/files/Male%203.mp4,./Output/025-Male%203.mp4
Living Specimen,DS110 (2),,,None,None,None,None,None,None,"<a href=/taxonomy/term/10675"" typeof=""skos:Concept"" property=""rdfs:label skos:prefLabel"" datatype="""">Myolaimus goodeyorum</a>""",None,None,None,None,None,Adult,None,Female,None,"<a href=/node/744"">View specimen</a>""",https://nematodes.myspecies.info/sites/nematodes.myspecies.info/files/M.%20goodeyorum%20%281%29.mp4,./Output/026-M.%20goodeyorum%20%281%29.mp4
Living Specimen,DS110 (2),,,None,None,None,None,None,None,"<a href=/taxonomy/term/10675"" typeof=""skos:Concept"" property=""rdfs:label skos:prefLabel"" datatype="""">Myolaimus goodeyorum</a>""",None,None,None,None,None,Adult,None,Female,None,"<a href=/node/744"">View specimen</a>""",https://nematodes.myspecies.info/sites/nematodes.myspecies.info/files/M.%20goodeyorum%20%282%29_0.mp4,./Output/027-M.%20goodeyorum%20%282%29_0.mp4
Living Specimen,DS110 (2),,,None,None,None,None,None,None,"<a href=/taxonomy/term/10675"" typeof=""skos:Concept"" property=""rdfs:label skos:prefLabel"" datatype="""">Myolaimus goodeyorum</a>""",None,None,None,None,None,Adult,None,Female,None,"<a href=/node/744"">View specimen</a>""",https://nematodes.myspecies.info/sites/nematodes.myspecies.info/files/M.%20goodeyorum%20%283%29_0.mp4,./Output/028-M.%20goodeyorum%20%283%29_0.mp4
Preserved Specimen,Paratylenchus ILVO 1~2~3,,,None,None,None,None,None,None,None,None,None,None,None,None,adult," <p>similar to Pratylenchus dianthus but mo<img class=Image img__fid__848 img__view_mode__file_styles_original attr__format__file_styles_original"" src=""http://nematodes.myspecies.info/sites/nematodes.myspecies.info/files/paratylenchus%20letuce%20ILVO_1.pdf"" typeof=""Image"" />lecularly different</p> """,Female,None,"<a href=/node/748"">View specimen</a>""",https://nematodes.myspecies.info/sites/nematodes.myspecies.info/files/paratylenchus%20letuce%20ILVO.pdf,./Output/029-paratylenchus%20letuce%20ILVO.pdf
Occurrence,T103,,,None,T103,None,None,None,None,"<a href=/taxonomy/term/10647"" typeof=""skos:Concept"" property=""rdfs:label skos:prefLabel"" datatype="""">Pratylenchus flakkensis</a>""",None,None,None,None,None,None,None,None,None,"<a href=/node/674"">View specimen</a>""",https://nematodes.myspecies.info/sites/nematodes.myspecies.info/files/T103%20Pratylenchus%20flakkensis.zip,./Output/030-T103%20Pratylenchus%20flakkensis.zip
Occurrence,T103a,,,None,T103a,None,None,None,None,"<a href=/taxonomy/term/10660"" typeof=""skos:Concept"" property=""rdfs:label skos:prefLabel"" datatype="""">Pratylenchus sp. 4</a>""",None,None,None,None,None,None,None,None,None,"<a href=/node/627"">View specimen</a>""",https://nematodes.myspecies.info/sites/nematodes.myspecies.info/files/T103a%20Pratylenchus%20sp.%204.zip,./Output/031-T103a%20Pratylenchus%20sp.%204.zip
Occurrence,T104,,,None,T104,None,None,None,None,"<a href=/taxonomy/term/10647"" typeof=""skos:Concept"" property=""rdfs:label skos:prefLabel"" datatype="""">Pratylenchus flakkensis</a>""",None,None,None,None,None,None,None,None,None,"<a href=/node/675"">View specimen</a>""",https://nematodes.myspecies.info/sites/nematodes.myspecies.info/files/T104%20Pratylenchus%20flakkensis.zip,./Output/032-T104%20Pratylenchus%20flakkensis.zip
Occurrence,T104a,,,None,T104a,None,None,None,None,"<a href=/taxonomy/term/10660"" typeof=""skos:Concept"" property=""rdfs:label skos:prefLabel"" datatype="""">Pratylenchus sp. 4</a>""",None,None,None,None,None,None,None,None,None,"<a href=/node/628"">View specimen</a>""",https://nematodes.myspecies.info/sites/nematodes.myspecies.info/files/T104a%20Pratylenchus%20sp.%204.zip,./Output/033-T104a%20Pratylenchus%20sp.%204.zip
Occurrence,T105,,,None,T105,None,None,None,None,"<a href=/taxonomy/term/10647"" typeof=""skos:Concept"" property=""rdfs:label skos:prefLabel"" datatype="""">Pratylenchus flakkensis</a>""",None,None,None,None,None,None,None,None,None,"<a href=/node/676"">View specimen</a>""",https://nematodes.myspecies.info/sites/nematodes.myspecies.info/files/T105%20Pratylenchus%20flakkensis.zip,./Output/034-T105%20Pratylenchus%20flakkensis.zip
Occurrence,T106,,,None,T106,None,None,None,None,"<a href=/taxonomy/term/10648"" typeof=""skos:Concept"" property=""rdfs:label skos:prefLabel"" datatype="""">Pratylenchus goodeyi</a>""",None,None,None,None,None,None,None,None,None,"<a href=/node/684"">View specimen</a>""",https://nematodes.myspecies.info/sites/nematodes.myspecies.info/files/T106%20Pratylenchus%20goodeyi.zip,./Output/035-T106%20Pratylenchus%20goodeyi.zip
Occurrence,T107,,,None,T107,None,None,None,None,"<a href=/taxonomy/term/10648"" typeof=""skos:Concept"" property=""rdfs:label skos:prefLabel"" datatype="""">Pratylenchus goodeyi</a>""",None,None,None,None,None,None,None,None,None,"<a href=/node/685"">View specimen</a>""",https://nematodes.myspecies.info/sites/nematodes.myspecies.info/files/T107%20Pratylenchus%20goodeyi.zip,./Output/036-T107%20Pratylenchus%20goodeyi.zip
Occurrence,T108,,,None,T108,None,None,None,None,"<a href=/taxonomy/term/10648"" typeof=""skos:Concept"" property=""rdfs:label skos:prefLabel"" datatype="""">Pratylenchus goodeyi</a>""",None,None,None,None,None,None,None,None,None,"<a href=/node/686"">View specimen</a>""",https://nematodes.myspecies.info/sites/nematodes.myspecies.info/files/T108%20Pratylenchus%20goodeyi.zip,./Output/037-T108%20Pratylenchus%20goodeyi.zip
Occurrence,T130,,,None,T130,None,None,None,None,"<a href=/taxonomy/term/10649"" typeof=""skos:Concept"" property=""rdfs:label skos:prefLabel"" datatype="""">Pratylenchus pratensis</a>""",None,None,None,None,None,None,None,None,None,"<a href=/node/697"">View specimen</a>""",https://nematodes.myspecies.info/sites/nematodes.myspecies.info/files/T130%20Pratylenchus%20pratensis.zip,./Output/038-T130%20Pratylenchus%20pratensis.zip
Occurrence,T131,,,None,T131,None,None,None,None,"<a href=/taxonomy/term/10649"" typeof=""skos:Concept"" property=""rdfs:label skos:prefLabel"" datatype="""">Pratylenchus pratensis</a>""",None,None,None,None,None,None,None,None,None,"<a href=/node/698"">View specimen</a>""",https://nematodes.myspecies.info/sites/nematodes.myspecies.info/files/T131%20Pratylenchus%20pratensis.zip,./Output/039-T131%20Pratylenchus%20pratensis.zip
Occurrence,T132,,,None,T132,None,None,None,None,"<a href=/taxonomy/term/10646"" typeof=""skos:Concept"" property=""rdfs:label skos:prefLabel"" datatype="""">Pratylenchus penetrans</a>""",None,None,None,None,None,None,None,None,None,"<a href=/node/571"">View specimen</a>""",https://nematodes.myspecies.info/sites/nematodes.myspecies.info/files/T132%20Pratylenchus%20penetrans.zip,./Output/040-T132%20Pratylenchus%20penetrans.zip
Occurrence,T133,,,None,T133,None,None,None,None,"<a href=/taxonomy/term/10654"" typeof=""skos:Concept"" property=""rdfs:label skos:prefLabel"" datatype="""">Pratylenchus crenatus</a>""",None,None,None,None,None,None,None,None,None,"<a href=/node/660"">View specimen</a>""",https://nematodes.myspecies.info/sites/nematodes.myspecies.info/files/T133%20Pratylenchus%20crenatus.zip,./Output/041-T133%20Pratylenchus%20crenatus.zip
Occurrence,T143,,,None,T143,None,None,None,None,"<a href=/taxonomy/term/10646"" typeof=""skos:Concept"" property=""rdfs:label skos:prefLabel"" datatype="""">Pratylenchus penetrans</a>""",None,None,None,None,None,None,None,None,None,"<a href=/node/572"">View specimen</a>""",https://nematodes.myspecies.info/sites/nematodes.myspecies.info/files/T143%20Pratylenchus%20penetrans.zip,./Output/042-T143%20Pratylenchus%20penetrans.zip
Occurrence,T144,,,None,T144,None,None,None,None,"<a href=/taxonomy/term/10646"" typeof=""skos:Concept"" property=""rdfs:label skos:prefLabel"" datatype="""">Pratylenchus penetrans</a>""",None,None,None,None,None,None,None,None,None,"<a href=/node/573"">View specimen</a>""",https://nematodes.myspecies.info/sites/nematodes.myspecies.info/files/T144%20Pratylenchus%20penetrans.zip,./Output/043-T144%20Pratylenchus%20penetrans.zip
Occurrence,T145,,,None,T145,None,None,None,None,"<a href=/taxonomy/term/10646"" typeof=""skos:Concept"" property=""rdfs:label skos:prefLabel"" datatype="""">Pratylenchus penetrans</a>""",None,None,None,None,None,None,None,None,None,"<a href=/node/574"">View specimen</a>""",https://nematodes.myspecies.info/sites/nematodes.myspecies.info/files/T145%20Pratylenchus%20penetrans.zip,./Output/044-T145%20Pratylenchus%20penetrans.zip
Occurrence,T148,,,None,T148,None,None,None,None,"<a href=/taxonomy/term/10649"" typeof=""skos:Concept"" property=""rdfs:label skos:prefLabel"" datatype="""">Pratylenchus pratensis</a>""",None,None,None,None,None,None,None,None,None,"<a href=/node/699"">View specimen</a>""",https://nematodes.myspecies.info/sites/nematodes.myspecies.info/files/T148%20Pratylenchus%20pratensis.zip,./Output/045-T148%20Pratylenchus%20pratensis.zip
Occurrence,T149,,,None,T149,None,None,None,None,"<a href=/taxonomy/term/10649"" typeof=""skos:Concept"" property=""rdfs:label skos:prefLabel"" datatype="""">Pratylenchus pratensis</a>""",None,None,None,None,None,None,None,None,None,"<a href=/node/700"">View specimen</a>""",https://nematodes.myspecies.info/sites/nematodes.myspecies.info/files/T149%20Pratylenchus%20pratensis.zip,./Output/046-T149%20Pratylenchus%20pratensis.zip
Occurrence,T150,,,None,T150,None,None,None,None,"<a href=/taxonomy/term/10649"" typeof=""skos:Concept"" property=""rdfs:label skos:prefLabel"" datatype="""">Pratylenchus pratensis</a>""",None,None,None,None,None,None,None,None,None,"<a href=/node/701"">View specimen</a>""",https://nematodes.myspecies.info/sites/nematodes.myspecies.info/files/T150%20Pratylenchus%20pratensis.zip,./Output/047-T150%20Pratylenchus%20pratensis.zip
Occurrence,T155,,,None,T155,None,None,None,None,"<a href=/taxonomy/term/10649"" typeof=""skos:Concept"" property=""rdfs:label skos:prefLabel"" datatype="""">Pratylenchus pratensis</a>""",None,None,None,None,None,None,None,None,None,"<a href=/node/702"">View specimen</a>""",https://nematodes.myspecies.info/sites/nematodes.myspecies.info/files/T155%20Pratylenchus%20pratensis.zip,./Output/048-T155%20Pratylenchus%20pratensis.zip
Occurrence,T162,,,None,T162,None,None,None,None,"<a href=/taxonomy/term/10655"" typeof=""skos:Concept"" property=""rdfs:label skos:prefLabel"" datatype="""">Pratylenchus brachyurus</a>""",None,None,None,None,None,None,None,None,None,"<a href=/node/666"">View specimen</a>""",https://nematodes.myspecies.info/sites/nematodes.myspecies.info/files/T162%20Pratylenchus%20brachyurus.zip,./Output/049-T162%20Pratylenchus%20brachyurus.zip
Occurrence,T163,,,None,T163,None,None,None,None,"<a href=/taxonomy/term/10655"" typeof=""skos:Concept"" property=""rdfs:label skos:prefLabel"" datatype="""">Pratylenchus brachyurus</a>""",None,None,None,None,None,None,None,None,None,"<a href=/node/667"">View specimen</a>""",https://nematodes.myspecies.info/sites/nematodes.myspecies.info/files/T163%20Pratylenchus%20brachyurus.zip,./Output/050-T163%20Pratylenchus%20brachyurus.zip
Occurrence,T164,,,None,T164,None,None,None,None,"<a href=/taxonomy/term/10655"" typeof=""skos:Concept"" property=""rdfs:label skos:prefLabel"" datatype="""">Pratylenchus brachyurus</a>""",None,None,None,None,None,None,None,None,None,"<a href=/node/668"">View specimen</a>""",https://nematodes.myspecies.info/sites/nematodes.myspecies.info/files/T164%20Pratylenchus%20brachyurus.zip,./Output/051-T164%20Pratylenchus%20brachyurus.zip
Occurrence,T165,,,None,T165,None,None,None,None,"<a href=/taxonomy/term/10648"" typeof=""skos:Concept"" property=""rdfs:label skos:prefLabel"" datatype="""">Pratylenchus goodeyi</a>""",None,None,None,None,None,None,None,None,None,"<a href=/node/687"">View specimen</a>""",https://nematodes.myspecies.info/sites/nematodes.myspecies.info/files/T165%20Pratylenchus%20goodeyi.zip,./Output/052-T165%20Pratylenchus%20goodeyi.zip
Occurrence,T166,,,None,T166,None,None,None,None,"<a href=/taxonomy/term/10648"" typeof=""skos:Concept"" property=""rdfs:label skos:prefLabel"" datatype="""">Pratylenchus goodeyi</a>""",None,None,None,None,None,None,None,None,None,"<a href=/node/688"">View specimen</a>""",https://nematodes.myspecies.info/sites/nematodes.myspecies.info/files/T166%20Pratylenchus%20goodeyi%20part1.zip,./Output/053-T166%20Pratylenchus%20goodeyi%20part1.zip
Occurrence,T166,,,None,T166,None,None,None,None,"<a href=/taxonomy/term/10648"" typeof=""skos:Concept"" property=""rdfs:label skos:prefLabel"" datatype="""">Pratylenchus goodeyi</a>""",None,None,None,None,None,None,None,None,None,"<a href=/node/688"">View specimen</a>""",https://nematodes.myspecies.info/sites/nematodes.myspecies.info/files/T166%20Pratylenchus%20goodeyi%20part2.zip,./Output/054-T166%20Pratylenchus%20goodeyi%20part2.zip
Occurrence,T167,,,None,T167,None,None,None,None,"<a href=/taxonomy/term/10648"" typeof=""skos:Concept"" property=""rdfs:label skos:prefLabel"" datatype="""">Pratylenchus goodeyi</a>""",None,None,None,None,None,None,None,None,None,"<a href=/node/689"">View specimen</a>""",https://nematodes.myspecies.info/sites/nematodes.myspecies.info/files/T167%20Pratylenchus%20goodeyi.zip,./Output/055-T167%20Pratylenchus%20goodeyi.zip
Occurrence,T168,,,None,T168,None,None,None,None,"<a href=/taxonomy/term/10648"" typeof=""skos:Concept"" property=""rdfs:label skos:prefLabel"" datatype="""">Pratylenchus goodeyi</a>""",None,None,None,None,None,None,None,None,None,"<a href=/node/690"">View specimen</a>""",https://nematodes.myspecies.info/sites/nematodes.myspecies.info/files/T168%20Pratylenchus%20goodeyi.zip,./Output/056-T168%20Pratylenchus%20goodeyi.zip
Occurrence,T169,,,None,T169,None,None,None,None,"<a href=/taxonomy/term/10648"" typeof=""skos:Concept"" property=""rdfs:label skos:prefLabel"" datatype="""">Pratylenchus goodeyi</a>""",None,None,None,None,None,None,None,None,None,"<a href=/node/691"">View specimen</a>""",https://nematodes.myspecies.info/sites/nematodes.myspecies.info/files/T169%20Pratylenchus%20goodeyi.zip,./Output/057-T169%20Pratylenchus%20goodeyi.zip
Occurrence,T171,,,None,T171,None,None,None,None,"<a href=/taxonomy/term/10646"" typeof=""skos:Concept"" property=""rdfs:label skos:prefLabel"" datatype="""">Pratylenchus penetrans</a>""",None,None,None,None,None,None,None,None,None,"<a href=/node/575"">View specimen</a>""",https://nematodes.myspecies.info/sites/nematodes.myspecies.info/files/T171%20Pratylenchus%20penetrans.zip,./Output/058-T171%20Pratylenchus%20penetrans.zip
Occurrence,T175,,,None,T175,None,None,None,None,"<a href=/taxonomy/term/10658"" typeof=""skos:Concept"" property=""rdfs:label skos:prefLabel"" datatype="""">Pratylenchus sp. 2</a>""",None,None,None,None,None,None,None,None,None,"<a href=/node/619"">View specimen</a>""",https://nematodes.myspecies.info/sites/nematodes.myspecies.info/files/T175%20Pratylenchus%20sp.%202.zip,./Output/059-T175%20Pratylenchus%20sp.%202.zip
Occurrence,T181,,,None,T181,None,None,None,None,"<a href=/taxonomy/term/10646"" typeof=""skos:Concept"" property=""rdfs:label skos:prefLabel"" datatype="""">Pratylenchus penetrans</a>""",None,None,None,None,None,None,None,None,None,"<a href=/node/576"">View specimen</a>""",https://nematodes.myspecies.info/sites/nematodes.myspecies.info/files/T181%20Pratylenchus%20penetrans.zip,./Output/060-T181%20Pratylenchus%20penetrans.zip
Occurrence,T183,,,None,T183,None,None,None,None,"<a href=/taxonomy/term/10654"" typeof=""skos:Concept"" property=""rdfs:label skos:prefLabel"" datatype="""">Pratylenchus crenatus</a>""",None,None,None,None,None,None,None,None,None,"<a href=/node/661"">View specimen</a>""",https://nematodes.myspecies.info/sites/nematodes.myspecies.info/files/T183%20Pratylenchus%20crenatus.zip,./Output/061-T183%20Pratylenchus%20crenatus.zip
Occurrence,T184,,,None,T184,None,None,None,None,"<a href=/taxonomy/term/10646"" typeof=""skos:Concept"" property=""rdfs:label skos:prefLabel"" datatype="""">Pratylenchus penetrans</a>""",None,None,None,None,None,None,None,None,None,"<a href=/node/577"">View specimen</a>""",https://nematodes.myspecies.info/sites/nematodes.myspecies.info/files/T184%20Pratylenchus%20penetrans.zip,./Output/062-T184%20Pratylenchus%20penetrans.zip
Occurrence,T194,,,None,T194,None,None,None,None,"<a href=/taxonomy/term/10658"" typeof=""skos:Concept"" property=""rdfs:label skos:prefLabel"" datatype="""">Pratylenchus sp. 2</a>""",None,None,None,None,None,None,None,None,None,"<a href=/node/620"">View specimen</a>""",https://nematodes.myspecies.info/sites/nematodes.myspecies.info/files/T194%20Pratylenchus%20sp.%202.zip,./Output/063-T194%20Pratylenchus%20sp.%202.zip
Occurrence,T201,,,None,T201,None,None,None,None,"<a href=/taxonomy/term/10659"" typeof=""skos:Concept"" property=""rdfs:label skos:prefLabel"" datatype="""">Pratylenchus sp. 3</a>""",None,None,None,None,None,None,None,None,None,"<a href=/node/622"">View specimen</a>""",https://nematodes.myspecies.info/sites/nematodes.myspecies.info/files/T201%20Pratylenchus%20sp.%203.zip,./Output/064-T201%20Pratylenchus%20sp.%203.zip
Occurrence,T202,,,None,T202,None,None,None,None,"<a href=/taxonomy/term/10659"" typeof=""skos:Concept"" property=""rdfs:label skos:prefLabel"" datatype="""">Pratylenchus sp. 3</a>""",None,None,None,None,None,None,None,None,None,"<a href=/node/623"">View specimen</a>""",https://nematodes.myspecies.info/sites/nematodes.myspecies.info/files/T202%20Pratylenchus%20sp.%203.zip,./Output/065-T202%20Pratylenchus%20sp.%203.zip
Occurrence,T206,,,None,T206,None,None,None,None,"<a href=/taxonomy/term/10648"" typeof=""skos:Concept"" property=""rdfs:label skos:prefLabel"" datatype="""">Pratylenchus goodeyi</a>""",None,None,None,None,None,None,None,None,None,"<a href=/node/692"">View specimen</a>""",https://nematodes.myspecies.info/sites/nematodes.myspecies.info/files/T206%20Pratylenchus%20goodeyi.zip,./Output/066-T206%20Pratylenchus%20goodeyi.zip
Occurrence,T207,,,None,T207,None,None,None,None,"<a href=/taxonomy/term/10648"" typeof=""skos:Concept"" property=""rdfs:label skos:prefLabel"" datatype="""">Pratylenchus goodeyi</a>""",None,None,None,None,None,None,None,None,None,"<a href=/node/693"">View specimen</a>""",https://nematodes.myspecies.info/sites/nematodes.myspecies.info/files/T207%20Pratylenchus%20goodeyi.zip,./Output/067-T207%20Pratylenchus%20goodeyi.zip
Occurrence,T208,,,None,T208,None,None,None,None,"<a href=/taxonomy/term/10648"" typeof=""skos:Concept"" property=""rdfs:label skos:prefLabel"" datatype="""">Pratylenchus goodeyi</a>""",None,None,None,None,None,None,None,None,None,"<a href=/node/694"">View specimen</a>""",https://nematodes.myspecies.info/sites/nematodes.myspecies.info/files/T208%20Pratylenchus%20goodeyi.zip,./Output/068-T208%20Pratylenchus%20goodeyi.zip
Occurrence,T209,,,None,T209,None,None,None,None,"<a href=/taxonomy/term/10648"" typeof=""skos:Concept"" property=""rdfs:label skos:prefLabel"" datatype="""">Pratylenchus goodeyi</a>""",None,None,None,None,None,None,None,None,None,"<a href=/node/695"">View specimen</a>""",https://nematodes.myspecies.info/sites/nematodes.myspecies.info/files/T209%20Pratylenchus%20goodeyi.zip,./Output/069-T209%20Pratylenchus%20goodeyi.zip
Occurrence,T213,,,None,T213,None,None,None,None,"<a href=/taxonomy/term/10647"" typeof=""skos:Concept"" property=""rdfs:label skos:prefLabel"" datatype="""">Pratylenchus flakkensis</a>""",None,None,None,None,None,None,None,None,None,"<a href=/node/677"">View specimen</a>""",https://nematodes.myspecies.info/sites/nematodes.myspecies.info/files/T213%20Pratylenchus%20flakkensis.zip,./Output/070-T213%20Pratylenchus%20flakkensis.zip
Occurrence,T214,,,None,T214,None,None,None,None,"<a href=/taxonomy/term/10647"" typeof=""skos:Concept"" property=""rdfs:label skos:prefLabel"" datatype="""">Pratylenchus flakkensis</a>""",None,None,None,None,None,None,None,None,None,"<a href=/node/678"">View specimen</a>""",https://nematodes.myspecies.info/sites/nematodes.myspecies.info/files/T214%20Pratylenchus%20flakkensis.zip,./Output/071-T214%20Pratylenchus%20flakkensis.zip
Occurrence,T215,,,None,T215,None,None,None,None,"<a href=/taxonomy/term/10647"" typeof=""skos:Concept"" property=""rdfs:label skos:prefLabel"" datatype="""">Pratylenchus flakkensis</a>""",None,None,None,None,None,None,None,None,None,"<a href=/node/679"">View specimen</a>""",https://nematodes.myspecies.info/sites/nematodes.myspecies.info/files/T215%20Pratylenchus%20flakkensis.zip,./Output/072-T215%20Pratylenchus%20flakkensis.zip
Occurrence,T216,,,None,T216,None,None,None,None,"<a href=/taxonomy/term/10647"" typeof=""skos:Concept"" property=""rdfs:label skos:prefLabel"" datatype="""">Pratylenchus flakkensis</a>""",None,None,None,None,None,None,None,None,None,"<a href=/node/680"">View specimen</a>""",https://nematodes.myspecies.info/sites/nematodes.myspecies.info/files/T216%20Pratylenchus%20flakkensis.zip,./Output/073-T216%20Pratylenchus%20flakkensis.zip
Occurrence,T222,,,None,T222,None,None,None,None,"<a href=/taxonomy/term/10648"" typeof=""skos:Concept"" property=""rdfs:label skos:prefLabel"" datatype="""">Pratylenchus goodeyi</a>""",None,None,None,None,None,None,None,None,None,"<a href=/node/696"">View specimen</a>""",https://nematodes.myspecies.info/sites/nematodes.myspecies.info/files/T222%20Pratylenchus%20goodeyi.zip,./Output/074-T222%20Pratylenchus%20goodeyi.zip
Occurrence,T241,,,None,T241,None,None,None,None,"<a href=/taxonomy/term/10647"" typeof=""skos:Concept"" property=""rdfs:label skos:prefLabel"" datatype="""">Pratylenchus flakkensis</a>""",None,None,None,None,None,None,None,None,None,"<a href=/node/681"">View specimen</a>""",https://nematodes.myspecies.info/sites/nematodes.myspecies.info/files/T241%20Pratylenchus%20flakkensis.zip,./Output/075-T241%20Pratylenchus%20flakkensis.zip
Occurrence,T242,,,None,T242,None,None,None,None,"<a href=/taxonomy/term/10647"" typeof=""skos:Concept"" property=""rdfs:label skos:prefLabel"" datatype="""">Pratylenchus flakkensis</a>""",None,None,None,None,None,None,None,None,None,"<a href=/node/682"">View specimen</a>""",https://nematodes.myspecies.info/sites/nematodes.myspecies.info/files/T242%20Pratylenchus%20flakkensis.zip,./Output/076-T242%20Pratylenchus%20flakkensis.zip
Occurrence,T243,,,None,T243,None,None,None,None,"<a href=/taxonomy/term/10647"" typeof=""skos:Concept"" property=""rdfs:label skos:prefLabel"" datatype="""">Pratylenchus flakkensis</a>""",None,None,None,None,None,None,None,None,None,"<a href=/node/683"">View specimen</a>""",https://nematodes.myspecies.info/sites/nematodes.myspecies.info/files/T243%20Pratylenchus%20flakkensis.zip,./Output/077-T243%20Pratylenchus%20flakkensis.zip
Occurrence,T254,,,None,T254,None,None,None,None,"<a href=/taxonomy/term/10650"" typeof=""skos:Concept"" property=""rdfs:label skos:prefLabel"" datatype="""">Acrobeloides nanus</a>""",None,None,None,None,None,None,None,None,None,"<a href=/node/706"">View specimen</a>""",https://nematodes.myspecies.info/sites/nematodes.myspecies.info/files/T254%20Acrobeloides%20cf.%20nanus.zip,./Output/078-T254%20Acrobeloides%20cf.%20nanus.zip
Occurrence,T267,,,None,T267,None,None,None,None,"<a href=/taxonomy/term/10656"" typeof=""skos:Concept"" property=""rdfs:label skos:prefLabel"" datatype="""">Pratylenchus convallariae</a>""",None,None,None,None,None,None,None,None,None,"<a href=/node/669"">View specimen</a>""",https://nematodes.myspecies.info/sites/nematodes.myspecies.info/files/T267%20Pratylenchus%20convallariae.zip,./Output/079-T267%20Pratylenchus%20convallariae.zip
Occurrence,T268,,,None,T268,None,None,None,None,"<a href=/taxonomy/term/10656"" typeof=""skos:Concept"" property=""rdfs:label skos:prefLabel"" datatype="""">Pratylenchus convallariae</a>""",None,None,None,None,None,None,None,None,None,"<a href=/node/670"">View specimen</a>""",https://nematodes.myspecies.info/sites/nematodes.myspecies.info/files/T268%20Pratylenchus%20convallariae.zip,./Output/080-T268%20Pratylenchus%20convallariae.zip
Occurrence,T269,,,None,T269,None,None,None,None,"<a href=/taxonomy/term/10656"" typeof=""skos:Concept"" property=""rdfs:label skos:prefLabel"" datatype="""">Pratylenchus convallariae</a>""",None,None,None,None,None,None,None,None,None,"<a href=/node/671"">View specimen</a>""",https://nematodes.myspecies.info/sites/nematodes.myspecies.info/files/T269%20Pratylenchus%20convallariae.zip,./Output/081-T269%20Pratylenchus%20convallariae.zip
Occurrence,T272,,,None,T272,None,None,None,None,"<a href=/taxonomy/term/10652"" typeof=""skos:Concept"" property=""rdfs:label skos:prefLabel"" datatype="""">Pratylenchus fallax</a>""",None,None,None,None,None,None,None,None,None,"<a href=/node/631"">View specimen</a>""",https://nematodes.myspecies.info/sites/nematodes.myspecies.info/files/T272%20Pratylenchus%20fallax.zip,./Output/082-T272%20Pratylenchus%20fallax.zip
Occurrence,T275,,,None,T275,None,None,None,None,"<a href=/taxonomy/term/10654"" typeof=""skos:Concept"" property=""rdfs:label skos:prefLabel"" datatype="""">Pratylenchus crenatus</a>""",None,None,None,None,None,None,None,None,None,"<a href=/node/662"">View specimen</a>""",https://nematodes.myspecies.info/sites/nematodes.myspecies.info/files/T275%20Pratylenchus%20crenatus.zip,./Output/083-T275%20Pratylenchus%20crenatus.zip
Occurrence,T278,,,None,T278,None,None,None,None,"<a href=/taxonomy/term/10659"" typeof=""skos:Concept"" property=""rdfs:label skos:prefLabel"" datatype="""">Pratylenchus sp. 3</a>""",None,None,None,None,None,None,None,None,None,"<a href=/node/624"">View specimen</a>""",https://nematodes.myspecies.info/sites/nematodes.myspecies.info/files/T278%20Pratylenchus%20sp.%203.zip,./Output/084-T278%20Pratylenchus%20sp.%203.zip
Occurrence,T283,,,None,T283,None,None,None,None,"<a href=/taxonomy/term/10652"" typeof=""skos:Concept"" property=""rdfs:label skos:prefLabel"" datatype="""">Pratylenchus fallax</a>""",None,None,None,None,None,None,None,None,None,"<a href=/node/632"">View specimen</a>""",https://nematodes.myspecies.info/sites/nematodes.myspecies.info/files/T283%20Pratylenchus%20fallax.zip,./Output/085-T283%20Pratylenchus%20fallax.zip
Occurrence,T284,,,None,T284,None,None,None,None,"<a href=/taxonomy/term/10652"" typeof=""skos:Concept"" property=""rdfs:label skos:prefLabel"" datatype="""">Pratylenchus fallax</a>""",None,None,None,None,None,None,None,None,None,"<a href=/node/633"">View specimen</a>""",https://nematodes.myspecies.info/sites/nematodes.myspecies.info/files/T284%20Pratylenchus%20fallax.zip,./Output/086-T284%20Pratylenchus%20fallax.zip
Occurrence,T286,,,None,T286,None,None,None,None,"<a href=/taxonomy/term/10652"" typeof=""skos:Concept"" property=""rdfs:label skos:prefLabel"" datatype="""">Pratylenchus fallax</a>""",None,None,None,None,None,None,None,None,None,"<a href=/node/634"">View specimen</a>""",https://nematodes.myspecies.info/sites/nematodes.myspecies.info/files/T286%20Pratylenchus%20fallax.zip,./Output/087-T286%20Pratylenchus%20fallax.zip
Occurrence,T290,,,None,T290,None,None,None,None,"<a href=/taxonomy/term/10652"" typeof=""skos:Concept"" property=""rdfs:label skos:prefLabel"" datatype="""">Pratylenchus fallax</a>""",None,None,None,None,None,None,None,None,None,"<a href=/node/635"">View specimen</a>""",https://nematodes.myspecies.info/sites/nematodes.myspecies.info/files/T290%20Pratylenchus%20fallax.zip,./Output/088-T290%20Pratylenchus%20fallax.zip
Occurrence,T293,,,None,T293,None,None,None,None,"<a href=/taxonomy/term/10646"" typeof=""skos:Concept"" property=""rdfs:label skos:prefLabel"" datatype="""">Pratylenchus penetrans</a>""",None,None,None,None,None,None,None,None,None,"<a href=/node/578"">View specimen</a>""",https://nematodes.myspecies.info/sites/nematodes.myspecies.info/files/T293%20Pratylenchus%20penetrans.zip,./Output/089-T293%20Pratylenchus%20penetrans.zip
Occurrence,T295,,,None,T295,None,None,None,None,"<a href=/taxonomy/term/10646"" typeof=""skos:Concept"" property=""rdfs:label skos:prefLabel"" datatype="""">Pratylenchus penetrans</a>""",None,None,None,None,None,None,None,None,None,"<a href=/node/579"">View specimen</a>""",https://nematodes.myspecies.info/sites/nematodes.myspecies.info/files/T295%20Pratylenchus%20penetrans.zip,./Output/090-T295%20Pratylenchus%20penetrans.zip
Occurrence,T296,,,None,T296,None,None,None,None,"<a href=/taxonomy/term/10646"" typeof=""skos:Concept"" property=""rdfs:label skos:prefLabel"" datatype="""">Pratylenchus penetrans</a>""",None,None,None,None,None,None,None,None,None,"<a href=/node/580"">View specimen</a>""",https://nematodes.myspecies.info/sites/nematodes.myspecies.info/files/T296%20Pratylenchus%20penetrans.zip,./Output/091-T296%20Pratylenchus%20penetrans.zip
Occurrence,T297,,,None,T297,None,None,None,None,"<a href=/taxonomy/term/10654"" typeof=""skos:Concept"" property=""rdfs:label skos:prefLabel"" datatype="""">Pratylenchus crenatus</a>""",None,None,None,None,None,None,None,None,None,"<a href=/node/663"">View specimen</a>""",https://nematodes.myspecies.info/sites/nematodes.myspecies.info/files/T297%20Pratylenchus%20crenatus.zip,./Output/092-T297%20Pratylenchus%20crenatus.zip
Occurrence,T305,,,None,T305,None,None,None,None,"<a href=/taxonomy/term/10650"" typeof=""skos:Concept"" property=""rdfs:label skos:prefLabel"" datatype="""">Acrobeloides nanus</a>""",None,None,None,None,None,None,None,None,None,"<a href=/node/707"">View specimen</a>""",https://nematodes.myspecies.info/sites/nematodes.myspecies.info/files/T305%20Acrobeloides%20cf.%20nanus.zip,./Output/093-T305%20Acrobeloides%20cf.%20nanus.zip
Occurrence,T306,,,None,T306,None,None,None,None,"<a href=/taxonomy/term/10650"" typeof=""skos:Concept"" property=""rdfs:label skos:prefLabel"" datatype="""">Acrobeloides nanus</a>""",None,None,None,None,None,None,None,None,None,"<a href=/node/708"">View specimen</a>""",https://nematodes.myspecies.info/sites/nematodes.myspecies.info/files/T306%20Acrobeloides%20cf.%20nanus.zip,./Output/094-T306%20Acrobeloides%20cf.%20nanus.zip
Occurrence,T307,,,None,T307,None,None,None,None,"<a href=/taxonomy/term/10650"" typeof=""skos:Concept"" property=""rdfs:label skos:prefLabel"" datatype="""">Acrobeloides nanus</a>""",None,None,None,None,None,None,None,None,None,"<a href=/node/709"">View specimen</a>""",https://nematodes.myspecies.info/sites/nematodes.myspecies.info/files/T307%20Acrobeloides%20cf.%20nanus.zip,./Output/095-T307%20Acrobeloides%20cf.%20nanus.zip
Occurrence,T308,,,None,T308,None,None,None,None,"<a href=/taxonomy/term/10650"" typeof=""skos:Concept"" property=""rdfs:label skos:prefLabel"" datatype="""">Acrobeloides nanus</a>""",None,None,None,None,None,None,None,None,None,"<a href=/node/710"">View specimen</a>""",https://nematodes.myspecies.info/sites/nematodes.myspecies.info/files/T308%20Acrobeloides%20cf.%20nanus.zip,./Output/096-T308%20Acrobeloides%20cf.%20nanus.zip
Occurrence,T353,,,None,T353,None,None,None,None,"<a href=/taxonomy/term/10652"" typeof=""skos:Concept"" property=""rdfs:label skos:prefLabel"" datatype="""">Pratylenchus fallax</a>""",None,None,None,None,None,None,None,None,None,"<a href=/node/637"">View specimen</a>""",https://nematodes.myspecies.info/sites/nematodes.myspecies.info/files/T353%20Pratylenchus%20fallax.zip,./Output/097-T353%20Pratylenchus%20fallax.zip
Occurrence,T354,,,None,T354,None,None,None,None,"<a href=/taxonomy/term/10652"" typeof=""skos:Concept"" property=""rdfs:label skos:prefLabel"" datatype="""">Pratylenchus fallax</a>""",None,None,None,None,None,None,None,None,None,"<a href=/node/638"">View specimen</a>""",https://nematodes.myspecies.info/sites/nematodes.myspecies.info/files/T354%20Pratylenchus%20fallax.zip,./Output/098-T354%20Pratylenchus%20fallax.zip
Occurrence,T376,,,None,T376,None,None,None,None,"<a href=/taxonomy/term/10652"" typeof=""skos:Concept"" property=""rdfs:label skos:prefLabel"" datatype="""">Pratylenchus fallax</a>""",None,None,None,None,None,None,None,None,None,"<a href=/node/639"">View specimen</a>""",https://nematodes.myspecies.info/sites/nematodes.myspecies.info/files/T376%20Pratylenchus%20fallax.zip,./Output/099-T376%20Pratylenchus%20fallax.zip
Occurrence,T44,,,None,T44,None,None,None,None,"<a href=/taxonomy/term/10646"" typeof=""skos:Concept"" property=""rdfs:label skos:prefLabel"" datatype="""">Pratylenchus penetrans</a>""",None,None,None,None,None,None,None,None,None,"<a href=/node/570"">View specimen</a>""",https://nematodes.myspecies.info/sites/nematodes.myspecies.info/files/T44%20Pratylenchus%20penetrans.zip,./Output/100-T44%20Pratylenchus%20penetrans.zip
Occurrence,T569,,,None,T569,None,None,None,None,"<a href=/taxonomy/term/10658"" typeof=""skos:Concept"" property=""rdfs:label skos:prefLabel"" datatype="""">Pratylenchus sp. 2</a>""",None,None,None,None,None,None,None,None,None,"<a href=/node/621"">View specimen</a>""",https://nematodes.myspecies.info/sites/nematodes.myspecies.info/files/T569%20Pratylenchus%20sp.%202.zip,./Output/101-T569%20Pratylenchus%20sp.%202.zip
Occurrence,T617,,,None,T617,None,None,None,None,"<a href=/taxonomy/term/10657"" typeof=""skos:Concept"" property=""rdfs:label skos:prefLabel"" datatype="""">Pratylenchus sp. 1</a>""",None,None,None,None,None,None,None,None,None,"<a href=/node/615"">View specimen</a>""",https://nematodes.myspecies.info/sites/nematodes.myspecies.info/files/T617%20Pratylenchus%20sp.%201_0.zip,./Output/102-T617%20Pratylenchus%20sp.%201_0.zip
Occurrence,T67,,,None,T67,None,None,None,None,"<a href=/taxonomy/term/10653"" typeof=""skos:Concept"" property=""rdfs:label skos:prefLabel"" datatype="""">Pratylenchus dunenis</a>""",None,None,None,None,None,None,None,None,None,"<a href=/node/611"">View specimen</a>""",https://nematodes.myspecies.info/sites/nematodes.myspecies.info/files/T67%20Pratylenchus%20dunenis.zip,./Output/103-T67%20Pratylenchus%20dunenis.zip
Occurrence,T677,,,None,T677,None,None,None,None,"<a href=/taxonomy/term/10646"" typeof=""skos:Concept"" property=""rdfs:label skos:prefLabel"" datatype="""">Pratylenchus penetrans</a>""",None,None,None,None,None,None,None,None,None,"<a href=/node/581"">View specimen</a>""",https://nematodes.myspecies.info/sites/nematodes.myspecies.info/files/T677%20Pratylenchus%20penetrans.zip,./Output/104-T677%20Pratylenchus%20penetrans.zip
Occurrence,T678,,,None,T678,None,None,None,None,"<a href=/taxonomy/term/10646"" typeof=""skos:Concept"" property=""rdfs:label skos:prefLabel"" datatype="""">Pratylenchus penetrans</a>""",None,None,None,None,None,None,None,None,None,"<a href=/node/582"">View specimen</a>""",https://nematodes.myspecies.info/sites/nematodes.myspecies.info/files/T678%20Pratylenchus%20penetrans.zip,./Output/105-T678%20Pratylenchus%20penetrans.zip
Occurrence,T679,,,None,T679,None,None,None,None,"<a href=/taxonomy/term/10646"" typeof=""skos:Concept"" property=""rdfs:label skos:prefLabel"" datatype="""">Pratylenchus penetrans</a>""",None,None,None,None,None,None,None,None,None,"<a href=/node/583"">View specimen</a>""",https://nematodes.myspecies.info/sites/nematodes.myspecies.info/files/T679%20Pratylenchus%20penetrans.zip,./Output/106-T679%20Pratylenchus%20penetrans.zip
Occurrence,T68,,,None,T68,None,None,None,None,"<a href=/taxonomy/term/10651"" typeof=""skos:Concept"" property=""rdfs:label skos:prefLabel"" datatype="""">Pratylenchus dunensis</a>""",None,None,None,None,None,None,None,None,None,"<a href=/node/613"">View specimen</a>""",https://nematodes.myspecies.info/sites/nematodes.myspecies.info/files/T68%20Pratylenchus%20dunensis.zip,./Output/107-T68%20Pratylenchus%20dunensis.zip
Occurrence,T682,,,None,T682,None,None,None,None,"<a href=/taxonomy/term/10652"" typeof=""skos:Concept"" property=""rdfs:label skos:prefLabel"" datatype="""">Pratylenchus fallax</a>""",None,None,None,None,None,None,None,None,None,"<a href=/node/640"">View specimen</a>""",https://nematodes.myspecies.info/sites/nematodes.myspecies.info/files/T682%20Pratylenchus%20fallax.zip,./Output/108-T682%20Pratylenchus%20fallax.zip
Occurrence,T683,,,None,T683,None,None,None,None,"<a href=/taxonomy/term/10649"" typeof=""skos:Concept"" property=""rdfs:label skos:prefLabel"" datatype="""">Pratylenchus pratensis</a>""",None,None,None,None,None,None,None,None,None,"<a href=/node/703"">View specimen</a>""",https://nematodes.myspecies.info/sites/nematodes.myspecies.info/files/T683%20Pratylenchus%20pratensis.zip,./Output/109-T683%20Pratylenchus%20pratensis.zip
Occurrence,T684,,,None,T684,None,None,None,None,"<a href=/taxonomy/term/10649"" typeof=""skos:Concept"" property=""rdfs:label skos:prefLabel"" datatype="""">Pratylenchus pratensis</a>""",None,None,None,None,None,None,None,None,None,"<a href=/node/704"">View specimen</a>""",https://nematodes.myspecies.info/sites/nematodes.myspecies.info/files/T684%20Pratylenchus%20pratensis.zip,./Output/110-T684%20Pratylenchus%20pratensis.zip
Occurrence,T685,,,None,T685,None,None,None,None,"<a href=/taxonomy/term/10652"" typeof=""skos:Concept"" property=""rdfs:label skos:prefLabel"" datatype="""">Pratylenchus fallax</a>""",None,None,None,None,None,None,None,None,None,"<a href=/node/641"">View specimen</a>""",https://nematodes.myspecies.info/sites/nematodes.myspecies.info/files/T685%20Pratylenchus%20fallax.zip,./Output/111-T685%20Pratylenchus%20fallax.zip
Occurrence,T686,,,None,T686,None,None,None,None,"<a href=/taxonomy/term/10646"" typeof=""skos:Concept"" property=""rdfs:label skos:prefLabel"" datatype="""">Pratylenchus penetrans</a>""",None,None,None,None,None,None,None,None,None,"<a href=/node/584"">View specimen</a>""",https://nematodes.myspecies.info/sites/nematodes.myspecies.info/files/T686%20Pratylenchus%20penetrans.zip,./Output/112-T686%20Pratylenchus%20penetrans.zip
Occurrence,T687,,,None,T687,None,None,None,None,"<a href=/taxonomy/term/10646"" typeof=""skos:Concept"" property=""rdfs:label skos:prefLabel"" datatype="""">Pratylenchus penetrans</a>""",None,None,None,None,None,None,None,None,None,"<a href=/node/585"">View specimen</a>""",https://nematodes.myspecies.info/sites/nematodes.myspecies.info/files/T687%20Pratylenchus%20penetrans.zip,./Output/113-T687%20Pratylenchus%20penetrans.zip
Occurrence,T69,,,None,T69,None,None,None,None,"<a href=/taxonomy/term/10653"" typeof=""skos:Concept"" property=""rdfs:label skos:prefLabel"" datatype="""">Pratylenchus dunenis</a>""",None,None,None,None,None,None,None,None,None,"<a href=/node/612"">View specimen</a>""",https://nematodes.myspecies.info/sites/nematodes.myspecies.info/files/T69%20Pratylenchus%20dunenis.zip,./Output/114-T69%20Pratylenchus%20dunenis.zip
Occurrence,T697,,,None,T697,None,None,None,None,"<a href=/taxonomy/term/10646"" typeof=""skos:Concept"" property=""rdfs:label skos:prefLabel"" datatype="""">Pratylenchus penetrans</a>""",None,None,None,None,None,None,None,None,None,"<a href=/node/586"">View specimen</a>""",https://nematodes.myspecies.info/sites/nematodes.myspecies.info/files/T697%20Pratylenchus%20penetrans.zip,./Output/115-T697%20Pratylenchus%20penetrans.zip
Occurrence,T698,,,None,T698,None,None,None,None,"<a href=/taxonomy/term/10646"" typeof=""skos:Concept"" property=""rdfs:label skos:prefLabel"" datatype="""">Pratylenchus penetrans</a>""",None,None,None,None,None,None,None,None,None,"<a href=/node/587"">View specimen</a>""",https://nematodes.myspecies.info/sites/nematodes.myspecies.info/files/T698%20Pratylenchus%20penetrans.zip,./Output/116-T698%20Pratylenchus%20penetrans.zip
Occurrence,T699,,,None,T699,None,None,None,None,"<a href=/taxonomy/term/10646"" typeof=""skos:Concept"" property=""rdfs:label skos:prefLabel"" datatype="""">Pratylenchus penetrans</a>""",None,None,None,None,None,None,None,None,None,"<a href=/node/588"">View specimen</a>""",https://nematodes.myspecies.info/sites/nematodes.myspecies.info/files/T699%20Pratylenchus%20penetrans.zip,./Output/117-T699%20Pratylenchus%20penetrans.zip
Occurrence,T70,,,None,T70,None,None,None,None,"<a href=/taxonomy/term/10651"" typeof=""skos:Concept"" property=""rdfs:label skos:prefLabel"" datatype="""">Pratylenchus dunensis</a>""",None,None,None,None,None,None,None,None,None,"<a href=/node/614"">View specimen</a>""",https://nematodes.myspecies.info/sites/nematodes.myspecies.info/files/T70%20Pratylenchus%20dunensis.zip,./Output/118-T70%20Pratylenchus%20dunensis.zip
Occurrence,T700,,,None,T700,None,None,None,None,"<a href=/taxonomy/term/10652"" typeof=""skos:Concept"" property=""rdfs:label skos:prefLabel"" datatype="""">Pratylenchus fallax</a>""",None,None,None,None,None,None,None,None,None,"<a href=/node/642"">View specimen</a>""",https://nematodes.myspecies.info/sites/nematodes.myspecies.info/files/T700%20Pratylenchus%20fallax.zip,./Output/119-T700%20Pratylenchus%20fallax.zip
Occurrence,T701,,,None,T701,None,None,None,None,"<a href=/taxonomy/term/10652"" typeof=""skos:Concept"" property=""rdfs:label skos:prefLabel"" datatype="""">Pratylenchus fallax</a>""",None,None,None,None,None,None,None,None,None,"<a href=/node/643"">View specimen</a>""",https://nematodes.myspecies.info/sites/nematodes.myspecies.info/files/T701%20Pratylenchus%20fallax.zip,./Output/120-T701%20Pratylenchus%20fallax.zip
Occurrence,T702,,,None,T702,None,None,None,None,"<a href=/taxonomy/term/10654"" typeof=""skos:Concept"" property=""rdfs:label skos:prefLabel"" datatype="""">Pratylenchus crenatus</a>""",None,None,None,None,None,None,None,None,None,"<a href=/node/664"">View specimen</a>""",https://nematodes.myspecies.info/sites/nematodes.myspecies.info/files/T702%20Pratylenchus%20crenatus.zip,./Output/121-T702%20Pratylenchus%20crenatus.zip
Occurrence,T704,,,None,T704,None,None,None,None,"<a href=/taxonomy/term/10649"" typeof=""skos:Concept"" property=""rdfs:label skos:prefLabel"" datatype="""">Pratylenchus pratensis</a>""",None,None,None,None,None,None,None,None,None,"<a href=/node/705"">View specimen</a>""",https://nematodes.myspecies.info/sites/nematodes.myspecies.info/files/T704%20Pratylenchus%20pratensis.zip,./Output/122-T704%20Pratylenchus%20pratensis.zip
Occurrence,T705,,,None,T705,None,None,None,None,"<a href=/taxonomy/term/10652"" typeof=""skos:Concept"" property=""rdfs:label skos:prefLabel"" datatype="""">Pratylenchus fallax</a>""",None,None,None,None,None,None,None,None,None,"<a href=/node/644"">View specimen</a>""",https://nematodes.myspecies.info/sites/nematodes.myspecies.info/files/T705%20Pratylenchus%20fallax.zip,./Output/123-T705%20Pratylenchus%20fallax.zip
Occurrence,T706,,,None,T706,None,None,None,None,"<a href=/taxonomy/term/10652"" typeof=""skos:Concept"" property=""rdfs:label skos:prefLabel"" datatype="""">Pratylenchus fallax</a>""",None,None,None,None,None,None,None,None,None,"<a href=/node/645"">View specimen</a>""",https://nematodes.myspecies.info/sites/nematodes.myspecies.info/files/T706%20Pratylenchus%20fallax.zip,./Output/124-T706%20Pratylenchus%20fallax.zip
Occurrence,T707,,,None,T707,None,None,None,None,"<a href=/taxonomy/term/10652"" typeof=""skos:Concept"" property=""rdfs:label skos:prefLabel"" datatype="""">Pratylenchus fallax</a>""",None,None,None,None,None,None,None,None,None,"<a href=/node/646"">View specimen</a>""",https://nematodes.myspecies.info/sites/nematodes.myspecies.info/files/T707%20Pratylenchus%20fallax.zip,./Output/125-T707%20Pratylenchus%20fallax.zip
Occurrence,T708,,,None,T708,None,None,None,None,"<a href=/taxonomy/term/10652"" typeof=""skos:Concept"" property=""rdfs:label skos:prefLabel"" datatype="""">Pratylenchus fallax</a>""",None,None,None,None,None,None,None,None,None,"<a href=/node/647"">View specimen</a>""",https://nematodes.myspecies.info/sites/nematodes.myspecies.info/files/T708%20Pratylenchus%20fallax.zip,./Output/126-T708%20Pratylenchus%20fallax.zip
Occurrence,T709,,,None,T709,None,None,None,None,"<a href=/taxonomy/term/10652"" typeof=""skos:Concept"" property=""rdfs:label skos:prefLabel"" datatype="""">Pratylenchus fallax</a>""",None,None,None,None,None,None,None,None,None,"<a href=/node/648"">View specimen</a>""",https://nematodes.myspecies.info/sites/nematodes.myspecies.info/files/T709%20Pratylenchus%20fallax.zip,./Output/127-T709%20Pratylenchus%20fallax.zip
Occurrence,T710,,,None,T710,None,None,None,None,"<a href=/taxonomy/term/10652"" typeof=""skos:Concept"" property=""rdfs:label skos:prefLabel"" datatype="""">Pratylenchus fallax</a>""",None,None,None,None,None,None,None,None,None,"<a href=/node/649"">View specimen</a>""",https://nematodes.myspecies.info/sites/nematodes.myspecies.info/files/T710%20Pratylenchus%20fallax.zip,./Output/128-T710%20Pratylenchus%20fallax.zip
Occurrence,T712,,,None,T712,None,None,None,None,"<a href=/taxonomy/term/10652"" typeof=""skos:Concept"" property=""rdfs:label skos:prefLabel"" datatype="""">Pratylenchus fallax</a>""",None,None,None,None,None,None,None,None,None,"<a href=/node/650"">View specimen</a>""",https://nematodes.myspecies.info/sites/nematodes.myspecies.info/files/T712%20Pratylenchus%20fallax.zip,./Output/129-T712%20Pratylenchus%20fallax.zip
Occurrence,T713,,,None,T713,None,None,None,None,"<a href=/taxonomy/term/10646"" typeof=""skos:Concept"" property=""rdfs:label skos:prefLabel"" datatype="""">Pratylenchus penetrans</a>""",None,None,None,None,None,None,None,None,None,"<a href=/node/589"">View specimen</a>""",https://nematodes.myspecies.info/sites/nematodes.myspecies.info/files/T713%20Pratylenchus%20penetrans.zip,./Output/130-T713%20Pratylenchus%20penetrans.zip
Occurrence,T714,,,None,T714,None,None,None,None,"<a href=/taxonomy/term/10646"" typeof=""skos:Concept"" property=""rdfs:label skos:prefLabel"" datatype="""">Pratylenchus penetrans</a>""",None,None,None,None,None,None,None,None,None,"<a href=/node/590"">View specimen</a>""",https://nematodes.myspecies.info/sites/nematodes.myspecies.info/files/T714%20Pratylenchus%20penetrans.zip,./Output/131-T714%20Pratylenchus%20penetrans.zip
Occurrence,T715,,,None,T715,None,None,None,None,"<a href=/taxonomy/term/10646"" typeof=""skos:Concept"" property=""rdfs:label skos:prefLabel"" datatype="""">Pratylenchus penetrans</a>""",None,None,None,None,None,None,None,None,None,"<a href=/node/591"">View specimen</a>""",https://nematodes.myspecies.info/sites/nematodes.myspecies.info/files/T715%20Pratylenchus%20penetrans.zip,./Output/132-T715%20Pratylenchus%20penetrans.zip
Occurrence,T716,,,None,T716,None,None,None,None,"<a href=/taxonomy/term/10646"" typeof=""skos:Concept"" property=""rdfs:label skos:prefLabel"" datatype="""">Pratylenchus penetrans</a>""",None,None,None,None,None,None,None,None,None,"<a href=/node/592"">View specimen</a>""",https://nematodes.myspecies.info/sites/nematodes.myspecies.info/files/T716%20Pratylenchus%20penetrans.zip,./Output/133-T716%20Pratylenchus%20penetrans.zip
Occurrence,T717,,,None,T717,None,None,None,None,"<a href=/taxonomy/term/10652"" typeof=""skos:Concept"" property=""rdfs:label skos:prefLabel"" datatype="""">Pratylenchus fallax</a>""",None,None,None,None,None,None,None,None,None,"<a href=/node/651"">View specimen</a>""",https://nematodes.myspecies.info/sites/nematodes.myspecies.info/files/T717%20Pratylenchus%20fallax.zip,./Output/134-T717%20Pratylenchus%20fallax.zip
Occurrence,T718,,,None,T718,None,None,None,None,"<a href=/taxonomy/term/10652"" typeof=""skos:Concept"" property=""rdfs:label skos:prefLabel"" datatype="""">Pratylenchus fallax</a>""",None,None,None,None,None,None,None,None,None,"<a href=/node/652"">View specimen</a>""",https://nematodes.myspecies.info/sites/nematodes.myspecies.info/files/T718%20Pratylenchus%20fallax%201280x960.zip,./Output/135-T718%20Pratylenchus%20fallax%201280x960.zip
Occurrence,T719,,,None,T719,None,None,None,None,"<a href=/taxonomy/term/10652"" typeof=""skos:Concept"" property=""rdfs:label skos:prefLabel"" datatype="""">Pratylenchus fallax</a>""",None,None,None,None,None,None,None,None,None,"<a href=/node/653"">View specimen</a>""",https://nematodes.myspecies.info/sites/nematodes.myspecies.info/files/T719%20Pratylenchus%20fallax%201280x960.zip,./Output/136-T719%20Pratylenchus%20fallax%201280x960.zip
Occurrence,T71a,,,None,T71a,None,None,None,None,"<a href=/taxonomy/term/10660"" typeof=""skos:Concept"" property=""rdfs:label skos:prefLabel"" datatype="""">Pratylenchus sp. 4</a>""",None,None,None,None,None,None,None,None,None,"<a href=/node/625"">View specimen</a>""",https://nematodes.myspecies.info/sites/nematodes.myspecies.info/files/T71a%20Pratylenchus%20sp.%204_0.zip,./Output/137-T71a%20Pratylenchus%20sp.%204_0.zip
Occurrence,T720,,,None,T720,None,None,None,None,"<a href=/taxonomy/term/10646"" typeof=""skos:Concept"" property=""rdfs:label skos:prefLabel"" datatype="""">Pratylenchus penetrans</a>""",None,None,None,None,None,None,None,None,None,"<a href=/node/593"">View specimen</a>""",https://nematodes.myspecies.info/sites/nematodes.myspecies.info/files/T720%20Pratylenchus%20penetrans.zip,./Output/138-T720%20Pratylenchus%20penetrans.zip
Occurrence,T721,,,None,T721,None,None,None,None,"<a href=/taxonomy/term/10646"" typeof=""skos:Concept"" property=""rdfs:label skos:prefLabel"" datatype="""">Pratylenchus penetrans</a>""",None,None,None,None,None,None,None,None,None,"<a href=/node/594"">View specimen</a>""",https://nematodes.myspecies.info/sites/nematodes.myspecies.info/files/T721%20Pratylenchus%20penetrans.zip,./Output/139-T721%20Pratylenchus%20penetrans.zip
Occurrence,T722,,,None,T722,None,None,None,None,"<a href=/taxonomy/term/10646"" typeof=""skos:Concept"" property=""rdfs:label skos:prefLabel"" datatype="""">Pratylenchus penetrans</a>""",None,None,None,None,None,None,None,None,None,"<a href=/node/595"">View specimen</a>""",https://nematodes.myspecies.info/sites/nematodes.myspecies.info/files/T722%20Pratylenchus%20penetrans.zip,./Output/140-T722%20Pratylenchus%20penetrans.zip
Occurrence,T723,,,None,T723,None,None,None,None,"<a href=/taxonomy/term/10646"" typeof=""skos:Concept"" property=""rdfs:label skos:prefLabel"" datatype="""">Pratylenchus penetrans</a>""",None,None,None,None,None,None,None,None,None,"<a href=/node/596"">View specimen</a>""",https://nematodes.myspecies.info/sites/nematodes.myspecies.info/files/T723%20Pratylenchus%20penetrans.zip,./Output/141-T723%20Pratylenchus%20penetrans.zip
Occurrence,T724,,,None,T724,None,None,None,None,"<a href=/taxonomy/term/10646"" typeof=""skos:Concept"" property=""rdfs:label skos:prefLabel"" datatype="""">Pratylenchus penetrans</a>""",None,None,None,None,None,None,None,None,None,"<a href=/node/597"">View specimen</a>""",https://nematodes.myspecies.info/sites/nematodes.myspecies.info/files/T724%20Pratylenchus%20penetrans.zip,./Output/142-T724%20Pratylenchus%20penetrans.zip
Occurrence,T725,,,None,T725,None,None,None,None,"<a href=/taxonomy/term/10646"" typeof=""skos:Concept"" property=""rdfs:label skos:prefLabel"" datatype="""">Pratylenchus penetrans</a>""",None,None,None,None,None,None,None,None,None,"<a href=/node/598"">View specimen</a>""",https://nematodes.myspecies.info/sites/nematodes.myspecies.info/files/T725%20Pratylenchus%20penetrans.zip,./Output/143-T725%20Pratylenchus%20penetrans.zip
Occurrence,T726,,,None,T726,None,None,None,None,"<a href=/taxonomy/term/10646"" typeof=""skos:Concept"" property=""rdfs:label skos:prefLabel"" datatype="""">Pratylenchus penetrans</a>""",None,None,None,None,None,None,None,None,None,"<a href=/node/599"">View specimen</a>""",https://nematodes.myspecies.info/sites/nematodes.myspecies.info/files/T726%20Pratylenchus%20penetrans.zip,./Output/144-T726%20Pratylenchus%20penetrans.zip
Occurrence,T727,,,None,T727,None,None,None,None,"<a href=/taxonomy/term/10652"" typeof=""skos:Concept"" property=""rdfs:label skos:prefLabel"" datatype="""">Pratylenchus fallax</a>""",None,None,None,None,None,None,None,None,None,"<a href=/node/654"">View specimen</a>""",https://nematodes.myspecies.info/sites/nematodes.myspecies.info/files/T727%20Pratylenchus%20fallax.zip,./Output/145-T727%20Pratylenchus%20fallax.zip
Occurrence,T728,,,None,T728,None,None,None,None,"<a href=/taxonomy/term/10652"" typeof=""skos:Concept"" property=""rdfs:label skos:prefLabel"" datatype="""">Pratylenchus fallax</a>""",None,None,None,None,None,None,None,None,None,"<a href=/node/655"">View specimen</a>""",https://nematodes.myspecies.info/sites/nematodes.myspecies.info/files/T728%20Pratylenchus%20fallax.zip,./Output/146-T728%20Pratylenchus%20fallax.zip
Occurrence,T729,,,None,T729,None,None,None,None,"<a href=/taxonomy/term/10652"" typeof=""skos:Concept"" property=""rdfs:label skos:prefLabel"" datatype="""">Pratylenchus fallax</a>""",None,None,None,None,None,None,None,None,None,"<a href=/node/656"">View specimen</a>""",https://nematodes.myspecies.info/sites/nematodes.myspecies.info/files/T729%20Pratylenchus%20fallax.zip,./Output/147-T729%20Pratylenchus%20fallax.zip
Occurrence,T72a,,,None,T72a,None,None,None,None,"<a href=/taxonomy/term/10660"" typeof=""skos:Concept"" property=""rdfs:label skos:prefLabel"" datatype="""">Pratylenchus sp. 4</a>""",None,None,None,None,None,None,None,None,None,"<a href=/node/626"">View specimen</a>""",https://nematodes.myspecies.info/sites/nematodes.myspecies.info/files/T72a%20Pratylenchus%20sp.%204.zip,./Output/148-T72a%20Pratylenchus%20sp.%204.zip
Occurrence,T730,,,None,T730,None,None,None,None,"<a href=/taxonomy/term/10646"" typeof=""skos:Concept"" property=""rdfs:label skos:prefLabel"" datatype="""">Pratylenchus penetrans</a>""",None,None,None,None,None,None,None,None,None,"<a href=/node/600"">View specimen</a>""",https://nematodes.myspecies.info/sites/nematodes.myspecies.info/files/T730%20Pratylenchus%20penetrans.zip,./Output/149-T730%20Pratylenchus%20penetrans.zip
Occurrence,T761,,,None,T761,None,None,None,None,"<a href=/taxonomy/term/10654"" typeof=""skos:Concept"" property=""rdfs:label skos:prefLabel"" datatype="""">Pratylenchus crenatus</a>""",None,None,None,None,None,None,None,None,None,"<a href=/node/665"">View specimen</a>""",https://nematodes.myspecies.info/sites/nematodes.myspecies.info/files/T761%20Pratylenchus%20crenatus.zip,./Output/150-T761%20Pratylenchus%20crenatus.zip
Occurrence,T85,,,None,T85,None,None,None,None,"<a href=/taxonomy/term/10652"" typeof=""skos:Concept"" property=""rdfs:label skos:prefLabel"" datatype="""">Pratylenchus fallax</a>""",None,None,None,None,None,None,None,None,None,"<a href=/node/629"">View specimen</a>""",https://nematodes.myspecies.info/sites/nematodes.myspecies.info/files/T85%20Pratylenchus%20fallax.zip,./Output/151-T85%20Pratylenchus%20fallax.zip
Occurrence,T87,,,None,T87,None,None,None,None,"<a href=/taxonomy/term/10652"" typeof=""skos:Concept"" property=""rdfs:label skos:prefLabel"" datatype="""">Pratylenchus fallax</a>""",None,None,None,None,None,None,None,None,None,"<a href=/node/630"">View specimen</a>""",https://nematodes.myspecies.info/sites/nematodes.myspecies.info/files/T87%20Pratylenchus%20fallax_0.zip,./Output/152-T87%20Pratylenchus%20fallax_0.zip
Occurrence,T93,,,None,T93,None,None,None,None,"<a href=/taxonomy/term/10647"" typeof=""skos:Concept"" property=""rdfs:label skos:prefLabel"" datatype="""">Pratylenchus flakkensis</a>""",None,None,None,None,None,None,None,None,None,"<a href=/node/672"">View specimen</a>""",https://nematodes.myspecies.info/sites/nematodes.myspecies.info/files/T93%20pratylenchus%20flakkensis.zip,./Output/153-T93%20pratylenchus%20flakkensis.zip
Occurrence,T96,,,None,T96,None,None,None,None,"<a href=/taxonomy/term/10647"" typeof=""skos:Concept"" property=""rdfs:label skos:prefLabel"" datatype="""">Pratylenchus flakkensis</a>""",None,None,None,None,None,None,None,None,None,"<a href=/node/673"">View specimen</a>""",https://nematodes.myspecies.info/sites/nematodes.myspecies.info/files/T96%20Pratylenchus%20flakkensis.zip,./Output/154-T96%20Pratylenchus%20flakkensis.zip
Occurrence,V12F,,,None,V12F,None,None,None,None,"<a href=/taxonomy/term/10646"" typeof=""skos:Concept"" property=""rdfs:label skos:prefLabel"" datatype="""">Pratylenchus penetrans</a>""",None,None,None,None,None,None,None,None,None,"<a href=/node/608"">View specimen</a>""",https://nematodes.myspecies.info/sites/nematodes.myspecies.info/files/V12F%20Pratylenchus%20penetrans.zip,./Output/155-V12F%20Pratylenchus%20penetrans.zip
Occurrence,V13F,,,None,V13F,None,None,None,None,"<a href=/taxonomy/term/10646"" typeof=""skos:Concept"" property=""rdfs:label skos:prefLabel"" datatype="""">Pratylenchus penetrans</a>""",None,None,None,None,None,None,None,None,None,"<a href=/node/609"">View specimen</a>""",https://nematodes.myspecies.info/sites/nematodes.myspecies.info/files/V13F%20Pratylenchus%20penetrans.zip,./Output/156-V13F%20Pratylenchus%20penetrans.zip
Occurrence,V13L,,,None,V13L,None,None,None,None,"<a href=/taxonomy/term/10657"" typeof=""skos:Concept"" property=""rdfs:label skos:prefLabel"" datatype="""">Pratylenchus sp. 1</a>""",None,None,None,None,None,None,None,None,None,"<a href=/node/616"">View specimen</a>""",https://nematodes.myspecies.info/sites/nematodes.myspecies.info/files/V13L%20Pratylenchus%20sp.%201.zip,./Output/157-V13L%20Pratylenchus%20sp.%201.zip
Occurrence,V15F,,,None,V15F,None,None,None,None,"<a href=/taxonomy/term/10646"" typeof=""skos:Concept"" property=""rdfs:label skos:prefLabel"" datatype="""">Pratylenchus penetrans</a>""",None,None,None,None,None,None,None,None,None,"<a href=/node/610"">View specimen</a>""",https://nematodes.myspecies.info/sites/nematodes.myspecies.info/files/V15F%20Pratylenchus%20penetrans.zip,./Output/158-V15F%20Pratylenchus%20penetrans.zip
Occurrence,V15L,,,None,V15L,None,None,None,None,"<a href=/taxonomy/term/10657"" typeof=""skos:Concept"" property=""rdfs:label skos:prefLabel"" datatype="""">Pratylenchus sp. 1</a>""",None,None,None,None,None,None,None,None,None,"<a href=/node/617"">View specimen</a>""",https://nematodes.myspecies.info/sites/nematodes.myspecies.info/files/V15L%20Pratylenchus%20sp.%201.zip,./Output/159-V15L%20Pratylenchus%20sp.%201.zip
Occurrence,V1B,,,None,V1B,None,None,None,None,"<a href=/taxonomy/term/10646"" typeof=""skos:Concept"" property=""rdfs:label skos:prefLabel"" datatype="""">Pratylenchus penetrans</a>""",None,None,None,None,None,None,None,None,None,"<a href=/node/601"">View specimen</a>""",https://nematodes.myspecies.info/sites/nematodes.myspecies.info/files/V1B%20Pratylenchus%20penetrans_0.zip,./Output/160-V1B%20Pratylenchus%20penetrans_0.zip
Occurrence,V29L,,,None,V29L,None,None,None,None,"<a href=/taxonomy/term/10657"" typeof=""skos:Concept"" property=""rdfs:label skos:prefLabel"" datatype="""">Pratylenchus sp. 1</a>""",None,None,None,None,None,None,None,None,None,"<a href=/node/618"">View specimen</a>""",https://nematodes.myspecies.info/sites/nematodes.myspecies.info/files/V29L%20Pratylenchus%20sp.%201.zip,./Output/161-V29L%20Pratylenchus%20sp.%201.zip
Occurrence,V3A,,,None,V3A,None,None,None,None,"<a href=/taxonomy/term/10646"" typeof=""skos:Concept"" property=""rdfs:label skos:prefLabel"" datatype="""">Pratylenchus penetrans</a>""",None,None,None,None,None,None,None,None,None,"<a href=/node/602"">View specimen</a>""",https://nematodes.myspecies.info/sites/nematodes.myspecies.info/files/V3A%20Pratylenchus%20penetrans.zip,./Output/162-V3A%20Pratylenchus%20penetrans.zip
Occurrence,V3F,,,None,V3F,None,None,None,None,"<a href=/taxonomy/term/10646"" typeof=""skos:Concept"" property=""rdfs:label skos:prefLabel"" datatype="""">Pratylenchus penetrans</a>""",None,None,None,None,None,None,None,None,None,"<a href=/node/603"">View specimen</a>""",https://nematodes.myspecies.info/sites/nematodes.myspecies.info/files/V3F%20Pratylenchus%20penetrans_0.zip,./Output/163-V3F%20Pratylenchus%20penetrans_0.zip
Occurrence,V4B,,,None,V4B,None,None,None,None,"<a href=/taxonomy/term/10646"" typeof=""skos:Concept"" property=""rdfs:label skos:prefLabel"" datatype="""">Pratylenchus penetrans</a>""",None,None,None,None,None,None,None,None,None,"<a href=/node/604"">View specimen</a>""",https://nematodes.myspecies.info/sites/nematodes.myspecies.info/files/V4B%20Pratylenchus%20penetrans_0.zip,./Output/164-V4B%20Pratylenchus%20penetrans_0.zip
Occurrence,V4C,,,None,V4C,None,None,None,None,"<a href=/taxonomy/term/10652"" typeof=""skos:Concept"" property=""rdfs:label skos:prefLabel"" datatype="""">Pratylenchus fallax</a>""",None,None,None,None,None,None,None,None,None,"<a href=/node/657"">View specimen</a>""",https://nematodes.myspecies.info/sites/nematodes.myspecies.info/files/V4C%20Pratylenchus%20fallax.zip,./Output/165-V4C%20Pratylenchus%20fallax.zip
Occurrence,V5A,,,None,V5A,None,None,None,None,"<a href=/taxonomy/term/10646"" typeof=""skos:Concept"" property=""rdfs:label skos:prefLabel"" datatype="""">Pratylenchus penetrans</a>""",None,None,None,None,None,None,None,None,None,"<a href=/node/605"">View specimen</a>""",https://nematodes.myspecies.info/sites/nematodes.myspecies.info/files/V5A%20Pratylenchus%20penetrans_0.zip,./Output/166-V5A%20Pratylenchus%20penetrans_0.zip
Occurrence,V5C,,,None,V5C,None,None,None,None,"<a href=/taxonomy/term/10652"" typeof=""skos:Concept"" property=""rdfs:label skos:prefLabel"" datatype="""">Pratylenchus fallax</a>""",None,None,None,None,None,None,None,None,None,"<a href=/node/658"">View specimen</a>""",https://nematodes.myspecies.info/sites/nematodes.myspecies.info/files/V5C%20Pratylenchus%20fallax.zip,./Output/167-V5C%20Pratylenchus%20fallax.zip
Occurrence,V6B,,,None,V6B,None,None,None,None,"<a href=/taxonomy/term/10646"" typeof=""skos:Concept"" property=""rdfs:label skos:prefLabel"" datatype="""">Pratylenchus penetrans</a>""",None,None,None,None,None,None,None,None,None,"<a href=/node/606"">View specimen</a>""",https://nematodes.myspecies.info/sites/nematodes.myspecies.info/files/V6B%20Pratylenchus%20penetrans.zip,./Output/168-V6B%20Pratylenchus%20penetrans.zip
Occurrence,V8A,,,None,V8A,None,None,None,None,"<a href=/taxonomy/term/10646"" typeof=""skos:Concept"" property=""rdfs:label skos:prefLabel"" datatype="""">Pratylenchus penetrans</a>""",None,None,None,None,None,None,None,None,None,"<a href=/node/607"">View specimen</a>""",https://nematodes.myspecies.info/sites/nematodes.myspecies.info/files/V8A%20Pratylenchus%20penetrans.zip,./Output/169-V8A%20Pratylenchus%20penetrans.zip
Occurrence,V8C,,,None,V8C,None,None,None,None,"<a href=/taxonomy/term/10652"" typeof=""skos:Concept"" property=""rdfs:label skos:prefLabel"" datatype="""">Pratylenchus fallax</a>""",None,None,None,None,None,None,None,None,None,"<a href=/node/659"">View specimen</a>""",https://nematodes.myspecies.info/sites/nematodes.myspecies.info/files/V8C%20Pratylenchus%20fallax.zip,./Output/170-V8C%20Pratylenchus%20fallax.zip
