image_index,identification_method,phylum,class,order,family,genus,species,sex,lifestage,caption,media_descriptor,diagnostic_descriptor,image_file,copyright_institution,photographer,source,scientific_name_accepted,scientific_name,citation,common_name,ImageIndex
ImageIndex_13514,Not Specified,Nematoda,Chromadorea,Rhabditida,Hoplolaimidae,Aphasmatylenchus,Aphasmatylenchus sp.,Not Specified,Not Specified,"Fig. 4. Head patterns in the genus Aphasmatylenchus. A: A. strarurarus; B: A. variabilis; C: A. nigeriensis; D: A. liberiensis n. sp. (Scale bar = J pm; D: From Vau/as et al., 199J, COUrlesy Nemaralogia mediterranea).",Not Specified,Not Specified,0004_Aphasrnatylenchus.png,Not Specified,Not Specified,Not Specified,Aphasmatylenchus,Aphasmatylenchus,"Fundam. appl. NemalOl., 1998, 21 (2), 129-138 Description of Aphasmatylenchus liberiensis n. sp., and observations on the other species of the genus Aphasmatylenchus Sher, 1965 (Nematoda: Hoplolaimidae)  Pierre BAUJARD, Nicola VOVLAS, Danamou MOUNPORT and Bernard MARTINY",,ImageIndex_00001
ImageIndex_13515,Not Specified,Nematoda,Chromadorea,Rhabditida,Hoplolaimidae,Aphasmatylenchus,Aphasmatylenchus straturatus,Not Specified,Not Specified,"Fig. 5. Aphasmarylenchus straturatus female (A-F) and male (G-J) heads in lateral (above)) and in face (below) views A-B, C-D, E-F, G-H, l-J: Lateral and in face views of the same specimen, respectively (Scale bars = 1 pm).",Not Specified,Not Specified,0005_Aphasrnatylenchus.png,Not Specified,Not Specified,Not Specified,Aphasmatylenchus,Aphasmatylenchus,"Fundam. appl. NemalOl., 1998, 21 (2), 129-138 Description of Aphasmatylenchus liberiensis n. sp., and observations on the other species of the genus Aphasmatylenchus Sher, 1965 (Nematoda: Hoplolaimidae)  Pierre BAUJARD, Nicola VOVLAS, Danamou MOUNPORT and Bernard MARTINY",,ImageIndex_00002
ImageIndex_13516,Not Specified,Nematoda,Chromadorea,Rhabditida,Hoplolaimidae,Aphasmatylenchus,Aphasmatylenchus straturatus,Not Specified,Not Specified,"Fig. 6. Aphasmarylenchus straturatus vulva (A-E), male tail (F), and spicules (G-H) (Scale bars: A-C, F = 10 J.lrrl; D, E, G, H = 1 I/m; in D and E arrowheads show the tubular structure of the epiptygma).",Not Specified,Not Specified,0006_Aphasrnatylenchus.png,Not Specified,Not Specified,Not Specified,Aphasmatylenchus,Aphasmatylenchus,"Fundam. appl. NemalOl., 1998, 21 (2), 129-138 Description of Aphasmatylenchus liberiensis n. sp., and observations on the other species of the genus Aphasmatylenchus Sher, 1965 (Nematoda: Hoplolaimidae)  Pierre BAUJARD, Nicola VOVLAS, Danamou MOUNPORT and Bernard MARTINY",,ImageIndex_00003
ImageIndex_13517,Not Specified,Nematoda,Chromadorea,Rhabditida,Hoplolaimidae,Aphasmatylenchus,Aphasmatylenchus straturatus,Not Specified,Not Specified,Fig. 7. Aphasmatylenchus straturatus female tails (A-E) (Scale bars = /0 pm).,Not Specified,Not Specified,0007_Aphasrnatylenchus.png,Not Specified,Not Specified,Not Specified,Aphasmatylenchus,Aphasmatylenchus,"Fundam. appl. NemalOl., 1998, 21 (2), 129-138 Description of Aphasmatylenchus liberiensis n. sp., and observations on the other species of the genus Aphasmatylenchus Sher, 1965 (Nematoda: Hoplolaimidae)  Pierre BAUJARD, Nicola VOVLAS, Danamou MOUNPORT and Bernard MARTINY",,ImageIndex_00004
ImageIndex_13518,Not Specified,Nematoda,Chromadorea,Rhabditida,Hoplolaimidae,Aphasmatylenchus,Aphasmatylenchus variabilis,Not Specified,Not Specified,"Fig. 10. Aphasmatylenchus variabilis males. A-D: Heads in lateral and in face views (A-B, C-D: lateral and in face views of the same specimen, respectively); E-G: Tails; F-H: Spicules (Scale bars: A-D, F, H = 1 um, G = 10 um).",Not Specified,Not Specified,0010_Aphasrnatylenchus.png,Not Specified,Not Specified,Not Specified,Aphasmatylenchus,Aphasmatylenchus,"Fundam. appl. NemalOl., 1998, 21 (2), 129-138 Description of Aphasmatylenchus liberiensis n. sp., and observations on the other species of the genus Aphasmatylenchus Sher, 1965 (Nematoda: Hoplolaimidae)  Pierre BAUJARD, Nicola VOVLAS, Danamou MOUNPORT and Bernard MARTINY",,ImageIndex_00005
ImageIndex_13519,Not Specified,Nematoda,Chromadorea,Rhabditida,Hoplolaimidae,Aphasmatylenchus,Aphasmatylenchus variabilis,Not Specified,Not Specified,"Fig. 8. Aphasmatylenchus variabilisfemales. A-G: Heads in lateral (above) and face (below) views; A-S, C-D, E-F: Laierai and in face views of [the same specimen, respectively (Scale bars: A-G = / pm).",Not Specified,Not Specified,0008_Aphasrnatylenchus.png,Not Specified,Not Specified,Not Specified,Aphasmatylenchus,Aphasmatylenchus,"Fundam. appl. NemalOl., 1998, 21 (2), 129-138 Description of Aphasmatylenchus liberiensis n. sp., and observations on the other species of the genus Aphasmatylenchus Sher, 1965 (Nematoda: Hoplolaimidae)  Pierre BAUJARD, Nicola VOVLAS, Danamou MOUNPORT and Bernard MARTINY",,ImageIndex_00006
ImageIndex_13520,Not Specified,Nematoda,Chromadorea,Rhabditida,Hoplolaimidae,Aphasmatylenchus,Aphasmatylenchus variabilis,Not Specified,Not Specified,"Fig. 9. Aphasmatylenchus variabilis females. A-D: Vulvar region; E-G: Tails (Scale bars: A-C, E-G = 10 um D = 1 um; in D arrowhead shows the tubular structure above the epiptygma.",Not Specified,Not Specified,0009_Aphasrnatylenchus.png,Not Specified,Not Specified,Not Specified,Aphasmatylenchus,Aphasmatylenchus,"Fundam. appl. NemalOl., 1998, 21 (2), 129-138 Description of Aphasmatylenchus liberiensis n. sp., and observations on the other species of the genus Aphasmatylenchus Sher, 1965 (Nematoda: Hoplolaimidae)  Pierre BAUJARD, Nicola VOVLAS, Danamou MOUNPORT and Bernard MARTINY",,ImageIndex_00007
ImageIndex_13521,Not Specified,Nematoda,Chromadorea,Rhabditida,Hoplolaimidae,Aphasmatylenchus,Aphasmatylenchus liberiensis,Not Specified,Not Specified,"Fig. 1. Aphasrnatylenchus liberiensis n. sp. A: Female pharyngeal region; B: Lip region; C: Entire female; D: Anterior body portion; E: Median and basal oesophageal bulb; F: Vulva; G: Tail (From Vovlas et al., 1991- courtesy Nematologia Mediterranea).",Not Specified,Not Specified,0001_Aphasrnatylenchus.png,Not Specified,Not Specified,Not Specified,Aphasmatylenchus,Aphasmatylenchus,"Fundam. appl. NemalOl., 1998, 21 (2), 129-138 Description of Aphasmatylenchus liberiensis n. sp., and observations on the other species of the genus Aphasmatylenchus Sher, 1965 (Nematoda: Hoplolaimidae)  Pierre BAUJARD, Nicola VOVLAS, Danamou MOUNPORT and Bernard MARTINY",,ImageIndex_00008
ImageIndex_13522,Not Specified,Nematoda,Chromadorea,Rhabditida,Hoplolaimidae,Aphasmatylenchus,Aphasmatylenchus liberiensis,Not Specified,Not Specified,"Fig. 2. Aphasrnatylenchus liberiensis n. sp. females. A, 8, C: Head, sublateral and in-face view, respectively, D: Lacerai field al mid-body; E. Vulva, ven/rai view, F: Tail, lateral view (Scale bars: A-C= 1um; D-F =10 um).",Not Specified,Not Specified,0002_Aphasrnatylenchus.png,Not Specified,Not Specified,Not Specified,Aphasmatylenchus,Aphasmatylenchus,"Fundam. appl. NemalOl., 1998, 21 (2), 129-138 Description of Aphasmatylenchus liberiensis n. sp., and observations on the other species of the genus Aphasmatylenchus Sher, 1965 (Nematoda: Hoplolaimidae)  Pierre BAUJARD, Nicola VOVLAS, Danamou MOUNPORT and Bernard MARTINY",,ImageIndex_00009
ImageIndex_13523,Not Specified,Nematoda,Chromadorea,Rhabditida,Hoplolaimidae,Aphasmatylenchus,Aphasmatylenchus liberiensis,Not Specified,Not Specified,Fig. 3. Light micrographs of Aphasmatylenchus liberiensis n. sp. A: Pharyngeal region; B: Anterior body portion; C: Vulval region; D: Median and basal oesophageal bulb; E: Posterior body portion (Scale bar =25 um).,Not Specified,Not Specified,0003_Aphasrnatylenchus.png,Not Specified,Not Specified,Not Specified,Aphasmatylenchus,Aphasmatylenchus,"Fundam. appl. NemalOl., 1998, 21 (2), 129-138 Description of Aphasmatylenchus liberiensis n. sp., and observations on the other species of the genus Aphasmatylenchus Sher, 1965 (Nematoda: Hoplolaimidae)  Pierre BAUJARD, Nicola VOVLAS, Danamou MOUNPORT and Bernard MARTINY",,ImageIndex_00010
ImageIndex_13524,Not Specified,Nematoda,Chromadorea,Rhabditida,Aphelenchoididae,Aphelenchoides,Aphelenchoides graminis,Not Specified,Not Specified,Aphelenchoides graminis. A-F: Female; G-I: Male. A: Head and stylet; B: Median bulb; C & D: Vulva and post vulval uterine sac; E & F: Female tail; G-I: Male tail and spicule (Scale-bars = 5 um).,Not Specified,Not Specified,Aphelenchoides-graminis-A-F-Female-G-I-Male-A-Head-and-stylet-B-Median-bulb-C_W640.jpg,Not Specified,Reza Ghaderi,Not Specified,Aphelenchoides,Aphelenchoides,"Zameleh, Fariba & Karegar, Akbar & Ghaderi, Reza. (2018). ÃƒÂ¢Ã¢â€šÂ¬Ã‚Â«Plant-Parasitic Nematodes of Legume Fields and Their Distribution in Kermanshah Province, Iran. 339-350. 10.22067/jpp.v32i3.73071.",Bud and Leaf Nematode | Bud Nematode | Chrysanthemum Foliar Nematode | Crimp Nematode | Fern Nematode | Foliar Nematode | Foliar Nematode | Groundnut Testa Nematode | Rice White-tip Nematode | Spring Crimp Nematode | Strawberry Bud Nematode | Strawberry Spring Dwarf Nematode | Strawberry Summer Dwarf Nematode | Strawberry Summer Dwarf Nematode | Testa Nematode | White-tip Nematode | ,ImageIndex_00011
ImageIndex_13525,Not Specified,Nematoda,Chromadorea,Rhabditida,Heteroderidae,Atalodera,Atalodera sp.,Not Specified,Not Specified,"Photomicrographs of anterior regions of second-stage juveniles. A, B: Atalodera carolynae (CD882); C, D: Atalodera sp. A (CD1355); E, F: Atalodera sp. B (CD922); G, H: Atalodera sp. B (CD837); I: Rhizonemella sp. A (CD875); J, K: Rhizonemella sp. B (CD780); L: Rhizonemella sp. C (CD890); M, N: Meloidodera mexicana (CD238); O, P: M. floridensis (CD1957); Q, R: Cryphodera sp. D (CD2310). (Scale bar = 20 ÃŽÂ¼m.)",Not Specified,Not Specified,Photomicrographs-of-anterior-regions-of-second-stage-juveniles-A-B-Atalodera-carolynae_W640.jpg,Not Specified,Jerry Akanwari,Not Specified,Not Specified,Atalodera,"Subbotin, Sergei & Akanwari, Jerry & Nguyen, Chau & Vera, Ignacio & Chitambar, John & Inserra, RenatoÃƒâ€šÃ‚Â N & Chizhov, Vladimir. (2017). Molecular characterisation and phylogenetic relationships of cystoid nematodes of the family Heteroderidae (Nematoda: Tylenchida). Nematology. 19. 10.1163/15685411-00003107.",,ImageIndex_00012
ImageIndex_13526,Not Specified,Nematoda,Chromadorea,Rhabditida,Heteroderidae,Atalodera,Atalodera sp.,Not Specified,Not Specified,"Photomicrographs of posterior regions of second-stage juveniles. A, B: Atalodera carolynae (CD882); C, D: Atalodera sp. A (CD1355); E, F: Atalodera sp. B (CD922); G, H: Atalodera sp. B (CD837); I: Rhizonemella sp. A (CD875); J, K: Rhizonemella sp. B (CD780); L: Rhizonemella sp. C (CD890); M, N: Meloidodera mexicana (CD238); O, P: M. floridensis (CD1957); Q, R: Cryphodera sp. D (CD2310). (Scale bar = 20 ÃŽÂ¼m.)",Not Specified,Not Specified,Photomicrographs-of-posterior-regions-of-second-stage-juveniles-A-B-Atalodera_W640.jpg,Not Specified,Jerry Akanwari,Not Specified,Not Specified,Atalodera,"Subbotin, Sergei & Akanwari, Jerry & Nguyen, Chau & Vera, Ignacio & Chitambar, John & Inserra, RenatoÃƒâ€šÃ‚Â N & Chizhov, Vladimir. (2017). Molecular characterisation and phylogenetic relationships of cystoid nematodes of the family Heteroderidae (Nematoda: Tylenchida). Nematology. 19. 10.1163/15685411-00003107.",,ImageIndex_00013
ImageIndex_13527,Not Specified,Nematoda,Chromadorea,Rhabditida,Dolichodoridae,Brachydorus,Brachydorus sp.,Not Specified,Not Specified,"Brachydorus kazirangai n. sp. A-F: Female. A: Anterior end; B: Face view; C: Lateral field (oesophageal region); D: Lateral field (midbody); E: Vulva; F: Anal region. G-I: Juveniles. G: Face view; H: Anterior end; I: Lateral field (oesophageal region). J-M: Male posterior region. J : Ventral view; K : Latera-ventral view; L : Posterior end-on view; M : Cloacal region. (Bars equivalent : A, D, F, f-L = 10 J.an; B, C, E, H, M = 5 pm; G = 3,um,)",Not Specified,Not Specified,Brachydorus-kazirangai-n-sp-A-F-Female-A-Anterior-end-B-Face-view-C-Lateral_W640.jpg,Not Specified,Wasim Ahmad,Not Specified,Brachydorus,Brachydorus,Not Specified,,ImageIndex_00014
ImageIndex_13528,Not Specified,Nematoda,Chromadorea,Rhabditida,Dolichodoridae,Brachydorus,Brachydorus sp.,Not Specified,Not Specified,Brachydorus kazirangain A: Entire female; B: Entire male; C: Anterior region; D: Oesonhageal region; E: Female gonad (anterior); F: Female tail; G: Male tail.,Not Specified,Not Specified,Fig-Brachydorus-kazirangain-sp-A-Enrire-female-B-Entire-male-C-Anterior-region_W640.jpg,Not Specified,Wasim Ahmad,Not Specified,Brachydorus,Brachydorus,Not Specified,,ImageIndex_00015
ImageIndex_13529,Not Specified,Nematoda,Chromadorea,Rhabditida,Tylenchulidae,Cacopaurus,Cacopaurus pestis,Not Specified,Not Specified,"A: Anterior part of a young juvenile; B: Lateral field of female in the vulval region; C, D: Young females; E, F: Adult females; G: Female Head in face view; H: Anterior part of the testis; I: Anterior part of male; J: Posterior portion of male; K: Spicules and gubernaculum. After Thorne (1943), courtesy Proceedings of the Helminthological Society of Washington, and Franklin (1974), courtesy CABI.",Not Specified,Not Specified,Cacopaurus-pestis-A-Anterior-part-of-young-juvenile-B-Lateral-field-of-female-in_W640.jpg,CABI,Not Specified,Not Specified,Cacopaurus,Cacopaurus,"Talavera, M. & Vera, Ignacio. (2012). Criconematoidea.",Persian Sessile Nematode | Sessile Nematode | Walnut Nematode | ,ImageIndex_00016
ImageIndex_13530,Not Specified,Nematoda,Chromadorea,Rhabditida,Hemicycliophoridae,Caloosia,Caloosia sp.,Not Specified,Not Specified,"Caloosia female body (A), tail (B), and Head (C).",Not Specified,Not Specified,Caloosia-female-body-A-tail-B-and-head-C_W640.jpg,Not Specified,Not Specified,Not Specified,Caloosia,Caloosia,Not Specified,,ImageIndex_00017
ImageIndex_13531,Not Specified,Nematoda,Chromadorea,Rhabditida,Dolichodoridae,Carphodorus,Carphodorus bilineatus,Not Specified,Not Specified,"Carphodorus bilineatus: (A} Female, the entire body. (B) Female Head. (C) Cross-section of lateral field. (D) Female Lail. (E) Male tail. (F) Female, lateral field. (G) Spicules and gubernaculum. (H) face view or female. (After Colbran, 1965.)",Not Specified,Not Specified,0001_Carphodorus_bilineatus.png,Not Specified,"Colbran, 1965",University of Florida,Carphodorus,Carphodorus,Not Specified,,ImageIndex_00018
ImageIndex_13532,Not Specified,Nematoda,Chromadorea,Rhabditida,Heteroderidae,Cryphodera,Cryphodera sp,Not Specified,Not Specified,"Photomicrographs of Cryphodera sp. A (A: J2 anterior end, E: J2 tail, I: male anterior end, J: male posterior end showing phasmid in lateral position), Cryphodera sp. B (B: J2 anterior end, F: J2 tail), Cryphodera sp. C (C: J2 anterior end, G: J2 tail, K: J2 lateral field), Cryphodera pop. 2 (D: J2 anterior end, H: J2 tail, L: J2 tail region showing large phasmid). (Scale bar = 15  Ã‚Âµm).",Not Specified,Not Specified,Photomicrographs-of-Cryphodera-sp-A-A-J2-anterior-end-E-J2-tail-I-male-anterior_W640.jpg,Not Specified,Sergei A Subbotin,Not Specified,Not Specified,Cryphodera,"Nguyen, Chau & Sturhan, Dieter & Subbotin, Sergei. (2011). Studies on the occurrence and diversity of Heteroderidae and Meloidogynidae (Nematoda: Tylenchida) in natural forests of Vietnam. Russian Journal of Nematology. 19. 159-172.",Cystoid Nematode | ,ImageIndex_00019
ImageIndex_13533,Not Specified,Nematoda,Chromadorea,Rhabditida,Dolichodoridae,Dolichodorus,Dolichodorus sp.,Not Specified,Not Specified,Not Specified,Not Specified,Not Specified,5441451-PPT.jpg,Virginia Polytechnic Institute and State University,Jon Eisenback,Not Specified,Dolichodorus,Dolichodorus,"Jonathan D. Eisenback, Virginia Polytechnic Institute and State University, Bugwood.org",Awl Nematode | Cobb's Awl Nematode | ,ImageIndex_00020
ImageIndex_13534,Not Specified,Nematoda,Chromadorea,Rhabditida,Dolichodoridae,Dolichodorus,Dolichodorus sp.,Not Specified,Not Specified,Not Specified,Not Specified,Not Specified,5441452-PPT.jpg,Virginia Polytechnic Institute and State University,Jon Eisenback,Not Specified,Dolichodorus,Dolichodorus,"Jonathan D. Eisenback, Virginia Polytechnic Institute and State University, Bugwood.org",Awl Nematode | Cobb's Awl Nematode | ,ImageIndex_00021
ImageIndex_13535,Not Specified,Nematoda,Chromadorea,Rhabditida,Dolichodoridae,Dolichodorus,Dolichodorus sp.,Not Specified,Not Specified,Not Specified,Not Specified,Not Specified,5441455-PPT.jpg,Virginia Polytechnic Institute and State University,Jon Eisenback,Not Specified,Dolichodorus,Dolichodorus,"Jonathan D. Eisenback, Virginia Polytechnic Institute and State University, Bugwood.org",Awl Nematode | Cobb's Awl Nematode | ,ImageIndex_00022
ImageIndex_13536,Not Specified,Nematoda,Chromadorea,Rhabditida,Dolichodoridae,Dolichodorus,Dolichodorus sp.,Not Specified,Not Specified,Not Specified,Not Specified,Not Specified,5441462-PPT.jpg,Virginia Polytechnic Institute and State University,Jon Eisenback,Not Specified,Dolichodorus,Dolichodorus,"Jonathan D. Eisenback, Virginia Polytechnic Institute and State University, Bugwood.org",Awl Nematode | Cobb's Awl Nematode | ,ImageIndex_00023
ImageIndex_13537,Not Specified,Nematoda,Chromadorea,Rhabditida,Dolichodoridae,Dolichodorus,Dolichodorus sp.,Not Specified,Not Specified,Not Specified,Not Specified,Not Specified,5442398-PPT.jpg,Virginia Polytechnic Institute and State University,Jon Eisenback,Not Specified,Dolichodorus,Dolichodorus,"Jonathan D. Eisenback, Virginia Polytechnic Institute and State University, Bugwood.org",Awl Nematode | Cobb's Awl Nematode | ,ImageIndex_00024
ImageIndex_13538,Not Specified,Nematoda,Chromadorea,Rhabditida,Dolichodoridae,Dolichodorus,Dolichodorus sp.,Not Specified,Not Specified,Not Specified,Not Specified,Not Specified,5442864-PPT.jpg,Virginia Polytechnic Institute and State University,Jon Eisenback,Not Specified,Dolichodorus,Dolichodorus,"Jonathan D. Eisenback, Virginia Polytechnic Institute and State University, Bugwood.org",Awl Nematode | Cobb's Awl Nematode | ,ImageIndex_00025
ImageIndex_13539,Not Specified,Nematoda,Chromadorea,Rhabditida,Dolichodoridae,Dolichodorus,Dolichodorus sp.,Not Specified,Not Specified,"The Head of an awl nematode in the genus Dolichodorus. Photograph by Jon Eisenback, Virginia Polytechnic Institute and State University.",Not Specified,Not Specified,awl_nematode01.jpg,Virginia Polytechnic Institute and State University,Jon Eisenback,Not Specified,Dolichodorus,Dolichodorus,"Jonathan D. Eisenback, Virginia Polytechnic Institute and State University, Bugwood.org",Awl Nematode | Cobb's Awl Nematode | ,ImageIndex_00026
ImageIndex_13540,Not Specified,Nematoda,Chromadorea,Rhabditida,Hoplolaimidae,Helicotylenchus,Helicotylenchus egyptiensis,Not Specified,Not Specified,"Female; A: Anterior end, B: Oesophageal region, C: Variation of tail shape, D: General view, E: Body habitus after fixation.",Not Specified,Not Specified,KashiKaregar1392-2.png,Not Specified,Leila Kashi,Not Specified,Helicotylenchus,Helicotylenchus,"Kashi, Leila & Karegar, Akbar. (2013). SOME SPECIES OF Helicotylenchus (NEMATODA: HOPLOLAIMIDAE) FROM IRAN. Iranian Journal of Plant Pathology.",Banana Spiral Nematode | Cobb's Spiral Nematode | Spiral Nematode | ,ImageIndex_00027
ImageIndex_13541,Not Specified,Nematoda,Chromadorea,Rhabditida,Hoplolaimidae,Helicotylenchus,Helicotylenchus falcatus,Not Specified,Not Specified,"Female; A: Anterior end, B: Oesophageal region, C: Variation of tail shape, D: General view, E: Body habitus after fixation",Not Specified,Not Specified,KashiKaregar1392.png,Not Specified,Leila Kashi,Not Specified,Helicotylenchus,Helicotylenchus,"Kashi, Leila & Karegar, Akbar. (2013). SOME SPECIES OF Helicotylenchus (NEMATODA: HOPLOLAIMIDAE) FROM IRAN. Iranian Journal of Plant Pathology.",Banana Spiral Nematode | Cobb's Spiral Nematode | Spiral Nematode | ,ImageIndex_00028
ImageIndex_13542,Not Specified,Nematoda,Chromadorea,Rhabditida,Hoplolaimidae,Helicotylenchus,Helicotylenchus indicus,Not Specified,Not Specified,"Helicotylenchus indicus Siddiqi, 1963, Female; A: Oesophageal region, B: Anterior end, C: Variations of tail shape, D: General view, E: Body habitus after fixation.",Not Specified,Not Specified,KashiKaregar1392.jpg,Not Specified,Leila Kashi,Not Specified,Helicotylenchus,Helicotylenchus,"Kashi, Leila & Karegar, Akbar. (2013). SOME SPECIES OF Helicotylenchus (NEMATODA: HOPLOLAIMIDAE) FROM IRAN. Iranian Journal of Plant Pathology.",Banana Spiral Nematode | Cobb's Spiral Nematode | Spiral Nematode | ,ImageIndex_00029
ImageIndex_13543,Not Specified,Nematoda,Chromadorea,Rhabditida,Hoplolaimidae,Helicotylenchus,Helicotylenchus insignis,Not Specified,Not Specified,"Helicotylenchus insignis Khan & Basir, 1964, Female; A: Anterior end, B: Oesophageal region, C: Variations of tail shape, D: General view, E: Body habitus after fixation.",Not Specified,Not Specified,KashiKaregar1393.jpg,Not Specified,Leila Kashi,Not Specified,Helicotylenchus,Helicotylenchus,"Kashi, Leila & Karegar, Akbar. (2013). SOME SPECIES OF Helicotylenchus (NEMATODA: HOPLOLAIMIDAE) FROM IRAN. Iranian Journal of Plant Pathology.",Banana Spiral Nematode | Cobb's Spiral Nematode | Spiral Nematode | ,ImageIndex_00030
ImageIndex_13544,Not Specified,Nematoda,Chromadorea,Rhabditida,Hoplolaimidae,Helicotylenchus,Helicotylenchus paxilli,Not Specified,Not Specified,"An adult Helicotylenchus paxillus. S = stylet (mouth spear) used for feeding. V = vulva, located around 60% of the body length from the anterior terminus.",Not Specified,Not Specified,spiral_nematode06.jpg,University of Florida,William T. Crow,Not Specified,Helicotylenchus,Helicotylenchus,Not Specified,Banana Spiral Nematode | Cobb's Spiral Nematode | Spiral Nematode | ,ImageIndex_00031
ImageIndex_13545,Not Specified,Nematoda,Chromadorea,Rhabditida,Hoplolaimidae,Helicotylenchus,Helicotylenchus pseudorobustus,Not Specified,Not Specified,The tail of Helicotylenchus pseudorobustus is asymmetrical and has a projection on the end.,Not Specified,Not Specified,spiral_nematode07.jpg,University of Florida,William T. Crow,Not Specified,Helicotylenchus,Helicotylenchus,Not Specified,Banana Spiral Nematode | Cobb's Spiral Nematode | Spiral Nematode | ,ImageIndex_00032
ImageIndex_13546,Not Specified,Nematoda,Chromadorea,Rhabditida,Dolichodoridae,Histotylenchus,Histotylenchus hedys,Not Specified,Not Specified,"Light micrographs of Histotylenchus hedys Kleynhans, 1975. Female: Ahabitus; B- lip region; C- vulva region; D- tail region showing anus (white arrow) and fascicule (black arrow). Male: E- habitus and F- tail region. Scale bars = 100  Ã‚Âµm (A; E-F) and 10  Ã‚Âµm (B-D).",Not Specified,Not Specified,39-Figure4.4-1.png,Not Specified,H. Landman,Not Specified,Histotylenchus,Histotylenchus,"Landman, H.. ÃƒÂ¢Ã¢â€šÂ¬Ã…â€œTaxonomic review of the genus Histotylenchus Siddiqi, 1971 (Nematoda: Belonolaimidae) in South Africa.ÃƒÂ¢Ã¢â€šÂ¬Ã‚Â (2011).",,ImageIndex_00033
ImageIndex_13547,Not Specified,Nematoda,Chromadorea,Rhabditida,Dolichodoridae,Histotylenchus,Histotylenchus hedys,Not Specified,Not Specified,"Line diagrams of Histotylenchus hedys Kleynhans, 1975. Female: A- anterior end; B- lip region; C- lateral lines in secretory-excretory pore; D- lateral lines near vulva; Etail with lateral field; F- tail, showing postanal diverticulum; G- section of anterior ovarium; Hvulva; I- section of posterior ovarium. Male: J- anterior end; K- lip region; L- tail and M- tail, showing lateral lines. Scale bars = 10  Ã‚Âµm",Not Specified,Not Specified,38-Figure4.3-1.png,Not Specified,H. Landman,Not Specified,Histotylenchus,Histotylenchus,"Landman, H.. ÃƒÂ¢Ã¢â€šÂ¬Ã…â€œTaxonomic review of the genus Histotylenchus Siddiqi, 1971 (Nematoda: Belonolaimidae) in South Africa.ÃƒÂ¢Ã¢â€šÂ¬Ã‚Â (2011).",,ImageIndex_00034
ImageIndex_13548,Not Specified,Nematoda,Chromadorea,Rhabditida,Dolichodoridae,Histotylenchus,Histotylenchus histoides,Not Specified,Not Specified,"Light micrographs of Histotylenchus histoides Siddiqi, 1971. Female: A- habitus; B- lip region; D- the tail region with the anus (white arrow) and phasmids (black arrow). Male: Chabitus; E- lip region and F- tail region. Scale bars = 100  Ã‚Âµm (A; C) and 10  Ã‚Âµm (B; D-F).",Not Specified,Not Specified,48-Figure4.6-1.png,Not Specified,H. Landman,Not Specified,Histotylenchus,Histotylenchus,"Landman, H.. ÃƒÂ¢Ã¢â€šÂ¬Ã…â€œTaxonomic review of the genus Histotylenchus Siddiqi, 1971 (Nematoda: Belonolaimidae) in South Africa.ÃƒÂ¢Ã¢â€šÂ¬Ã‚Â (2011).",,ImageIndex_00035
ImageIndex_13549,Not Specified,Nematoda,Chromadorea,Rhabditida,Dolichodoridae,Histotylenchus,Histotylenchus histoides,Not Specified,Not Specified,"Line diagrams of Histotylenchus histoides Siddiqi, 1971. Female: A- anterior end; B- lip region; C- vulva region; D- tail with lateral field ending in V-shaped pattern; E- tail with lateral field ending in Y-shaped pattern; F- tail with postanal diverticulum; H-J- habitus; N- the lateral field in the vulva region and O- the lateral field in secretory-excretory pore region. Male: Glip region; K- anterior end; L- tail region and M- tail showing lateral lines. Scale bars = 10  Ã‚Âµm.",Not Specified,Not Specified,47-Figure4.5-1.png,Not Specified,H. Landman,Not Specified,Histotylenchus,Histotylenchus,"Landman, H.. ÃƒÂ¢Ã¢â€šÂ¬Ã…â€œTaxonomic review of the genus Histotylenchus Siddiqi, 1971 (Nematoda: Belonolaimidae) in South Africa.ÃƒÂ¢Ã¢â€šÂ¬Ã‚Â (2011).",,ImageIndex_00036
ImageIndex_13550,Not Specified,Nematoda,Chromadorea,Rhabditida,Dolichodoridae,Histotylenchus,Histotylenchus mohalei,Not Specified,Not Specified,"Fasciculi indicated by black arrows in A- Differential Interference Contrast (DIC) light micrograph of the intestine of Histotylenchus mohalei Kleynhans, 1992 and B- tail of Histotylenchus sudanensis Siddiqi, 1977 (redrawn from Siddiqi, 1977). Scale bars as indicated.",Not Specified,Not Specified,123-FigureII-1.png,Not Specified,H. Landman,Not Specified,Histotylenchus,Histotylenchus,"Landman, H.. ÃƒÂ¢Ã¢â€šÂ¬Ã…â€œTaxonomic review of the genus Histotylenchus Siddiqi, 1971 (Nematoda: Belonolaimidae) in South Africa.ÃƒÂ¢Ã¢â€šÂ¬Ã‚Â (2011).",,ImageIndex_00037
ImageIndex_13551,Not Specified,Nematoda,Chromadorea,Rhabditida,Dolichodoridae,Histotylenchus,Histotylenchus mohalei,Not Specified,Not Specified,"Light micrographs of current study populations (NCN) of Histotylenchus mohalei Kleynhans, 1992. Female: A- habitus; B- lip region; C- secretory-excretory pore (black arrow); D- vulva region; E- body anterior to vulva showing postanal diverticulum (black arrow); F-G- tail region; Male: H- habitus; I- lip region; J- tail region; K- dorsal view of spicule and L- spicule and gubernaculum with proximal end directed towards the rear (black arrow). Scale bars = 100  Ã‚Âµm (A; H) and 10  Ã‚Âµm (B-G; I-L).",Not Specified,Not Specified,58-Figure4.9-1.png,Not Specified,H. Landman,Not Specified,Histotylenchus,Histotylenchus,"Landman, H.. ÃƒÂ¢Ã¢â€šÂ¬Ã…â€œTaxonomic review of the genus Histotylenchus Siddiqi, 1971 (Nematoda: Belonolaimidae) in South Africa.ÃƒÂ¢Ã¢â€šÂ¬Ã‚Â (2011).",,ImageIndex_00038
ImageIndex_13552,Not Specified,Nematoda,Chromadorea,Rhabditida,Dolichodoridae,Histotylenchus,Histotylenchus mohalei,Not Specified,Not Specified,"Light micrographs of Histotylenchus mohalei Kleynhans, 1992 paratype material. Female: A- habitus; B- lip region; C- fasciculi midbody; D-E- tail region. Male: F- habitus and G- tail region. Scale bars = 100  Ã‚Âµm (A; F) and 10  Ã‚Âµm (B-E; G)",Not Specified,Not Specified,57-Figure4.8-1.png,Not Specified,H. Landman,Not Specified,Histotylenchus,Histotylenchus,"Landman, H.. ÃƒÂ¢Ã¢â€šÂ¬Ã…â€œTaxonomic review of the genus Histotylenchus Siddiqi, 1971 (Nematoda: Belonolaimidae) in South Africa.ÃƒÂ¢Ã¢â€šÂ¬Ã‚Â (2011).",,ImageIndex_00039
ImageIndex_13553,Not Specified,Nematoda,Chromadorea,Rhabditida,Dolichodoridae,Histotylenchus,Histotylenchus mohalei,Not Specified,Not Specified,"Line diagrams of Histotylenchus mohalei Kleynhans, 1992. Female: A- anterior part; B- part of anterior ovarium; C- lip region; D- vulva; E- part of posterior ovarium; Flateral field in secretory-excretory pore region; G- lateral field in vulva region; H-I- tail with postanal diverticulum; J- tail indicating lateral field ending in V-shape; M-P- habitus. Male: K- lip region; L- anterior part; Q-U- gubernaculums; V- tail and W- tail indicating lateral field. Scale bars = 10  Ã‚Âµm.",Not Specified,Not Specified,56-Figure4.7-1.png,Not Specified,H. Landman,Not Specified,Histotylenchus,Histotylenchus,"Landman, H.. ÃƒÂ¢Ã¢â€šÂ¬Ã…â€œTaxonomic review of the genus Histotylenchus Siddiqi, 1971 (Nematoda: Belonolaimidae) in South Africa.ÃƒÂ¢Ã¢â€šÂ¬Ã‚Â (2011).",,ImageIndex_00040
ImageIndex_13554,Not Specified,Nematoda,Chromadorea,Rhabditida,Dolichodoridae,Histotylenchus,Histotylenchus mohalei,Not Specified,Not Specified,"Scanning electron micrographs of male Histotylenchus mohalei Kleynhans, 1992: A- lip region; B- en face view showing four lips (white arrows); C- lateral field in midbody showing four lateral lines with complete areolation of outer two bands and incomplete, irregular areolations of an inner band and D- tail region showing bursa and ending of different lateral lines. Ventral (white arrow a) and sub-ventral (white arrow b) lateral lines end at the bursa beginning, sub-dorsal lateral line (white arrow c) ends in the cloacal opening region and dorsal line (white arrow d) ends on the tail tip. Scale bars = 20  Ã‚Âµm (D); 10  Ã‚Âµm (C) and 2  Ã‚Âµm (A;B).",Not Specified,Not Specified,60-Figure4.11-1.png,Not Specified,H. Landman,Not Specified,Histotylenchus,Histotylenchus,"Landman, H.. ÃƒÂ¢Ã¢â€šÂ¬Ã…â€œTaxonomic review of the genus Histotylenchus Siddiqi, 1971 (Nematoda: Belonolaimidae) in South Africa.ÃƒÂ¢Ã¢â€šÂ¬Ã‚Â (2011).",,ImageIndex_00041
ImageIndex_13555,Not Specified,Nematoda,Chromadorea,Rhabditida,Dolichodoridae,Histotylenchus,Histotylenchus mohalei,Not Specified,Not Specified,"Scanning electron microscope (SEM) micrographs of Histotylenchus mohalei Kleynhans, 1992. Female: A- lip region; B- en face view with four lips (white arrows); C- lip region with amphidal apertures (white arrow); D- anterior part with the start of lateral lines; Elateral field with secretory-excretory pore opening (white arrow); F- four lateral lines with incomplete areolation of outer two bands and incomplete, irregular areolation on the inner band; G- lateral view with irregularity in lateral lines in vulva region; H- double protruding epiptygma; I- ventral view of the vulva; J- tail region; K- lateral field, inner lines ending in Vshaped pattern (white circle) and L- the lateral field with lateral lines and areolation in the tail region. Scale bars = 20  Ã‚Âµm (D; F; G; J); 10  Ã‚Âµm (K-L); 5  Ã‚Âµm (A-B; H-I) and 2  Ã‚Âµm (C; E).",Not Specified,Not Specified,59-Figure4.10-1.png,Not Specified,H. Landman,Not Specified,Histotylenchus,Histotylenchus,"Landman, H.. ÃƒÂ¢Ã¢â€šÂ¬Ã…â€œTaxonomic review of the genus Histotylenchus Siddiqi, 1971 (Nematoda: Belonolaimidae) in South Africa.ÃƒÂ¢Ã¢â€šÂ¬Ã‚Â (2011).",,ImageIndex_00042
ImageIndex_13556,Not Specified,Nematoda,Chromadorea,Rhabditida,Dolichodoridae,Histotylenchus,Histotylenchus niveus,Not Specified,Not Specified,Light micrographs of Histotylenchus niveus sp. n. Female: A- habitus; B- lip region; C- vulva region; D- the segment of the anterior genital branch; E- tail region. Male: F- tail; Ghabitus and H- lip region. Scale bars = 100  Ã‚Âµm (A; G) and 10  Ã‚Âµm (B-F; H),Not Specified,Not Specified,74-Figure4.13-1.png,Not Specified,H. Landman,Not Specified,Histotylenchus,Histotylenchus,"Landman, H.. ÃƒÂ¢Ã¢â€šÂ¬Ã…â€œTaxonomic review of the genus Histotylenchus Siddiqi, 1971 (Nematoda: Belonolaimidae) in South Africa.ÃƒÂ¢Ã¢â€šÂ¬Ã‚Â (2011).",,ImageIndex_00043
ImageIndex_13557,Not Specified,Nematoda,Chromadorea,Rhabditida,Dolichodoridae,Histotylenchus,Histotylenchus niveus,Not Specified,Not Specified,"Line diagrams of Histotylenchus niveus sp. n. Female: A- whole specimen; Banterior end; C- lip region; E- lateral field in secretory-excretory pore region; F- lateral field in vulva region; G- tail, indicating lateral field; H- tail indicating postanal diverticulum; I- vulva; Jpart of anterior ovarium and K-M- habitus. Male: D- lip region; N- anterior of the body; O-Phabitus; Q- tail and R- tail with the lateral field. Scale bars = 20  Ã‚Âµm (A) and 10  Ã‚Âµm (B-R)",Not Specified,Not Specified,73-Figure4.12-1.png,Not Specified,H. Landman,Not Specified,Histotylenchus,Histotylenchus,"Landman, H.. ÃƒÂ¢Ã¢â€šÂ¬Ã…â€œTaxonomic review of the genus Histotylenchus Siddiqi, 1971 (Nematoda: Belonolaimidae) in South Africa.ÃƒÂ¢Ã¢â€šÂ¬Ã‚Â (2011).",,ImageIndex_00044
ImageIndex_13558,Not Specified,Nematoda,Chromadorea,Rhabditida,Dolichodoridae,Histotylenchus,Histotylenchus sp.,Not Specified,Not Specified,"Diagram illustrating some of the morphological measurements used in the description of Histotylenchus Siddiqi, 1971.",Not Specified,Not Specified,29-Figure3.2-1.png,Not Specified,H. Landman,Not Specified,Histotylenchus,Histotylenchus,"Landman, H.. ÃƒÂ¢Ã¢â€šÂ¬Ã…â€œTaxonomic review of the genus Histotylenchus Siddiqi, 1971 (Nematoda: Belonolaimidae) in South Africa.ÃƒÂ¢Ã¢â€šÂ¬Ã‚Â (2011).",,ImageIndex_00045
ImageIndex_13559,Not Specified,Nematoda,Chromadorea,Rhabditida,Dolichodoridae,Histotylenchus,Histotylenchus sp.,Not Specified,Not Specified,"Light micrographs of Histotylenchus Siddiqi, 1971. Male: A- the tail region with phasmids (black arrow a) and bursa (black arrow). Female: B- short, symmetrically rounded tail; C- long, symmetrically rounded tail; D- tail with phasmids (black arrow a) and lateral field lines ending in a V-shaped pattern (black circle) and E-tail with phasmids (black arrow a) and lateral field lines ending in Y-shaped pattern (white circle). Scale bars = 10  Ã‚Âµm.",Not Specified,Not Specified,116-FigureII-1.png,Not Specified,H. Landman,Not Specified,Histotylenchus,Histotylenchus,"Landman, H.. ÃƒÂ¢Ã¢â€šÂ¬Ã…â€œTaxonomic review of the genus Histotylenchus Siddiqi, 1971 (Nematoda: Belonolaimidae) in South Africa.ÃƒÂ¢Ã¢â€šÂ¬Ã‚Â (2011).",,ImageIndex_00046
ImageIndex_13560,Not Specified,Nematoda,Chromadorea,Rhabditida,Dolichodoridae,Histotylenchus,Histotylenchus sp.,Not Specified,Not Specified,Light micrographs of Histotylenchus sp. 2. Female: A- habitus (black arrow); B- lip region; C- vulva region; and D- tail. Scale bars = 100  Ã‚Âµm (A) and 10  Ã‚Âµm (B-D).,Not Specified,Not Specified,85-Figure4.16-1.png,Not Specified,H. Landman,Not Specified,Histotylenchus,Histotylenchus,"Landman, H.. ÃƒÂ¢Ã¢â€šÂ¬Ã…â€œTaxonomic review of the genus Histotylenchus Siddiqi, 1971 (Nematoda: Belonolaimidae) in South Africa.ÃƒÂ¢Ã¢â€šÂ¬Ã‚Â (2011).",,ImageIndex_00047
ImageIndex_13561,Not Specified,Nematoda,Chromadorea,Rhabditida,Dolichodoridae,Histotylenchus,Histotylenchus sp.,Not Specified,Not Specified,"Light micrographs of lip region of genus Histotylenchus Siddiqi, 1971. A- lip region hemispherical or anterior flattened marked off by a depression (depression indicated by arrows); B- lip region hemispherical and continuous with the body and C- lip region offset. Scale bar = 10  Ã‚Âµm",Not Specified,Not Specified,114-FigureII-1.png,Not Specified,H. Landman,Not Specified,Histotylenchus,Histotylenchus,"Landman, H.. ÃƒÂ¢Ã¢â€šÂ¬Ã…â€œTaxonomic review of the genus Histotylenchus Siddiqi, 1971 (Nematoda: Belonolaimidae) in South Africa.ÃƒÂ¢Ã¢â€šÂ¬Ã‚Â (2011).",,ImageIndex_00048
ImageIndex_13562,Not Specified,Nematoda,Chromadorea,Rhabditida,Dolichodoridae,Histotylenchus,Histotylenchus sp.,Not Specified,Not Specified,"Light micrographs of some specimens from the genus Histotylenchus Siddiqi, 1971, illustrating the separation of the cuticle (black arrow) from the body (white arrow). A- separation of cuticle in lip region of female; B- separation of cuticle in lip region of male; C- separation of the cuticle from the body in the midbody region of male; D- separation of the cuticle in the tail region of male. Scale bars = 10  Ã‚Âµm.",Not Specified,Not Specified,27-Figure3.1-1.png,Not Specified,H. Landman,Not Specified,Histotylenchus,Histotylenchus,"Landman, H.. ÃƒÂ¢Ã¢â€šÂ¬Ã…â€œTaxonomic review of the genus Histotylenchus Siddiqi, 1971 (Nematoda: Belonolaimidae) in South Africa.ÃƒÂ¢Ã¢â€šÂ¬Ã‚Â (2011).",,ImageIndex_00049
ImageIndex_13563,Not Specified,Nematoda,Chromadorea,Rhabditida,Dolichodoridae,Histotylenchus,Histotylenchus sp.,Not Specified,Not Specified,"Line diagrams of Histotylenchus Sidddiqi, 1971. Female: A- anterior end with hemizonid (arrow a) and secretory-excretory pore (arrow b); B- lip region; C- habitus; D- lateral lines near vulva; E- section of the anterior genital branch; F- vulva; G- tail. Male: H- tail. Scale bars = 10  Ã‚Âµm",Not Specified,Not Specified,32-Figure4.1-1.png,Not Specified,H. Landman,Not Specified,Histotylenchus,Histotylenchus,"Landman, H.. ÃƒÂ¢Ã¢â€šÂ¬Ã…â€œTaxonomic review of the genus Histotylenchus Siddiqi, 1971 (Nematoda: Belonolaimidae) in South Africa.ÃƒÂ¢Ã¢â€šÂ¬Ã‚Â (2011).",,ImageIndex_00050
ImageIndex_13564,Not Specified,Nematoda,Chromadorea,Rhabditida,Dolichodoridae,Histotylenchus,Histotylenchus sp.,Not Specified,Not Specified,Line diagrams of Histotylenchus sp. 1. Female: A- anterior region; B- lip region; Cvulva; D- tail with postanal diverticulum and F- habitus. Male: E- lip region G- tail; H- tail with the lateral field. Female: I- whole specimen. Scale bars = 20  Ã‚Âµm (I) and 10  Ã‚Âµm (A-H).,Not Specified,Not Specified,80-Figure4.14-1.png,Not Specified,H. Landman,Not Specified,Histotylenchus,Histotylenchus,"Landman, H.. ÃƒÂ¢Ã¢â€šÂ¬Ã…â€œTaxonomic review of the genus Histotylenchus Siddiqi, 1971 (Nematoda: Belonolaimidae) in South Africa.ÃƒÂ¢Ã¢â€šÂ¬Ã‚Â (2011).",,ImageIndex_00051
ImageIndex_13565,Not Specified,Nematoda,Chromadorea,Rhabditida,Dolichodoridae,Histotylenchus,Histotylenchus sp.,Not Specified,Not Specified,Line diagrams of Histotylenchus sp. 2. Female: A- anterior part of the body; B- lip region; C- habitus; D- whole specimen; E- the start of lateral lines; F- lateral field in vulva region; Gvulva with epiptygma; H- tail region showing postanal diverticulum and I- the tail region with the lateral field. Scale bars = 20  Ã‚Âµm (A-D) and 10  Ã‚Âµm (E-I),Not Specified,Not Specified,84-Figure4.15-1.png,Not Specified,H. Landman,Not Specified,Histotylenchus,Histotylenchus,"Landman, H.. ÃƒÂ¢Ã¢â€šÂ¬Ã…â€œTaxonomic review of the genus Histotylenchus Siddiqi, 1971 (Nematoda: Belonolaimidae) in South Africa.ÃƒÂ¢Ã¢â€šÂ¬Ã‚Â (2011).",,ImageIndex_00052
ImageIndex_13566,Not Specified,Nematoda,Chromadorea,Rhabditida,Pratylenchidae,Hoplotylus,Hoplotylus femina,Not Specified,Not Specified,"Hoplotylus femina s' Jacob 1960 from Juchitepec, Mexico. A C-E, G) Female. B, F) Male. A) Entire body. B) Entire body. C) Anterior body region. D) Spermatheca filled with sperm. E) Posterior body region. F) Anterior body region. G) Tail shape variations.",Not Specified,Not Specified,Hoplotylus-femina-sJacob-1960-from-Juchitepec-Mexico-A-C-E-G-Female-B-F-Male-A_W640.jpg,Not Specified,Not Specified,Not Specified,Hoplotylus,Hoplotylus,"Franco-Navarro, Francisco & Vera, Ignacio. (2006). Characterization of a Mexican population of Hoplotylus femina s'Jacob, 1960 associated with Quercus crassipes Humb. & Bonpl.. Nematropica. 36. 173-180.",,ImageIndex_00053
ImageIndex_13567,Not Specified,Nematoda,Chromadorea,Rhabditida,Pratylenchidae,Hoplotylus,Hoplotylus femina,Not Specified,Not Specified,"SEM micrographs of Hoplotylus femina s' Jacob 1960 from Juchitepec, Mexico. A-D) Female. E) Male. A) Face view pattern. Note the submedian lip sectors fused together with the oral disc and lack the notch on the outer margins. B) En-face view of the vulva. C) Areolated lateral field. D) Pointed tail terminus. E) Tail.",Not Specified,Not Specified,SEM-micrographs-of-Hoplotylus-femina-sJacob-1960-from-Juchitepec-Mexico-A-D-Female_W640.jpg,Not Specified,Not Specified,Not Specified,Hoplotylus,Hoplotylus,"Franco-Navarro, Francisco & Vera, Ignacio. (2006). Characterization of a Mexican population of Hoplotylus femina s'Jacob, 1960 associated with Quercus crassipes Humb. & Bonpl.. Nematropica. 36. 173-180.",,ImageIndex_00054
ImageIndex_13568,Not Specified,Nematoda,Chromadorea,Rhabditida,Dolichodoridae,Macrotrophurus,Macrotrophurus sp.,Not Specified,Not Specified,"Tail terminal drawings of Merliniidae sensu Ryss, 1993 and Telotylenchidae sensu Siddiqi, 2000 (syn. Tylenchorhynchidae Eliava, 1964). Drawings based on literature, web vouchers of the Powers lab at University of Nebraska, USDANC slides and Fig. 1. Coding of terminal tail thickening for very thick ( Ã¢â‚¬Â°Ã‚Â¥ 20%) ++, for thick + ( Ã¢â‚¬Â°Ã‚Â¥ 9%), and (+) for moderately thick terminal tail ( Ã¢â‚¬Â°Ã‚Â¥ 4%) are given for the % ratio of hyaline tail length/tail length: Psilenchus hilarulus < 1% - (Thorne, 1949), Pratylenchoides ritteri 22.5% ++ (Sher, 1970), Pratylenchoides magnicauda 19% +(+) (Baldwin et al., 1983), Merlinius microdorus 2.6% (+) (Geraert, 1966), Merlinius brevidens 3% (+) (Allen, 1955), Merlinius joctus 16% + (Thorne and Malek, 1968), Nagelus leptus 11 - 16 % + (Thorne, 1949, http://nematode.unl.edu/nagle4.jpg, Powers et al., 1983), Nagelus obscurus 4.3% (+)(Allen, 1955), Nagelus alpinus 3.7% (+) (Allen, 1955), Scutylenchus quadrifer 9.3 - 13.7% + (Loof, 1978), Amplimerlinius macrurus 20% ++ (USDANC slide G-3022), Amplimerlinius icarus 27% ++ (USDANC slide G3024), Tylenchorhynchus robustus 11.3% + (Thorne and Malek, 1968), Tylenchorhynchus leviterminalis 9.4 - 16% +, Tylenchorhynchus nudus 10.4 - 16.2% + (Loof, 1959), and Tylenchorhynchus claytoni 12.5 - 25% +(+), Macrotrophurus arbusticola 46.7% ++ (Loof, 1958), Bitylenchus dubius 4.4% (+), Telotylenchus ventralis 6% (+) (Loof, 1963), Sauertylenchus maximus 11 - 14% + (http://nematode.unl.edu/tymax15.jpg, Allen, 1955), Neodolichorhynchus microphasmis 7.7% (+) (Loof, 1959), Neodolichorhynchus lamelliferus 3.1% (+) (Allen, 1955), Quinisulcius acutus 4.5 - 17% + (Allen, 1955, http://nematode.unl.edu/quina9.jpg), Trophurus imperialis 30% ++ (Loof, 1956), Trophurus minnesotensis 21% ++ (Caveness, 1958), Trophurus sculptus 25% ++ (Loof, 1956), Tylenchorhynchus cf. robustus 7% (+) (http://nematode.unl.edu/tylerob3.jpg), Paratrophurus sp. 13% + (http://nematode.unl.edu/patrop.htm). Scale Bar = 10 ÃŽÅ“m .",tail,Not Specified,Macrotrophurus_359fig2.jpg,Not Specified,Not Specified,Not Specified,Macrotrophurus,Macrotrophurus,"Carta LK, Skantar AM, Handoo ZA. Molecular rDNA phylogeny of Telotylenchidae Siddiqi, 1960 and evaluation of tail termini. Journal of Nematology. 2010 Dec;42(4):359-369. PMID: 22736870; PMCID: PMC3380519.",,ImageIndex_00055
ImageIndex_13569,Not Specified,Nematoda,Chromadorea,Rhabditida,Tylenchulidae,Meloidodera,Meloidodera floridensis,Not Specified,Not Specified,"Meloidodera floridensis, female development. A. Third-stage larva; B. Head of third-stage larva, lateral; C. Tail of third-stage larva, lateral; D. Tail of third-stage larva, ventral; E, F. Gonads of third-stage larvae; Go Head of the fourth-stage larva, lateral; H. Posterior part of fourth-stage larva, lateral; I. Posterior part of fourth-stage larva, ventral; J. Gonads of fourth-stage larva; K. Fourth-stage larva",Not Specified,Not Specified,Meloidodera-8-Figure3-1.png,Not Specified,"R. P. Esser,Ãƒâ€šÃ‚Â W. Mat,Ãƒâ€šÃ‚Â R. A. Rohde",Not Specified,Meloidodera,Meloidodera,Not Specified,Cystoid Nematode | Mesquite Cystoid Nematode | Pine Cystoid Nematode | ,ImageIndex_00056
ImageIndex_13570,Not Specified,Nematoda,Chromadorea,Rhabditida,Tylenchulidae,Meloidodera,Meloidodera floridensis,Not Specified,Not Specified,"Meloidodera floridensis, male development - second to fourth stage. A. Anterior portion of second-stage larva; B. Tail o f second-stage larva; C. Third-stage male larva wi thin second-mol t cuticle; D. Tail o f third-stage male larva wi thin second-mol t cuticle; E, F. Gonads of third-stage male larvae; G. Posterior part of third-moult male larva within super imposed cuticles; H. Fourth-stage male larva, anterior part.",Not Specified,Not Specified,Meloidodera-9-Figure3-1.png,Not Specified,"R. P. Esser,Ãƒâ€šÃ‚Â W. Mat,Ãƒâ€šÃ‚Â R. A. Rohde",Not Specified,Meloidodera,Meloidodera,"Esser, R. P., William Mat and Richard A. Rohde. ÃƒÂ¢Ã¢â€šÂ¬Ã…â€œPostembryogenesis of Meloidodera floridensis with Emphasis on the Development of the Male I.ÃƒÂ¢Ã¢â€šÂ¬Ã‚Â (2001).",Cystoid Nematode | Mesquite Cystoid Nematode | Pine Cystoid Nematode | ,ImageIndex_00057
ImageIndex_13571,Not Specified,Nematoda,Chromadorea,Rhabditida,Dolichodoridae,Morulaimus,Morulaimus arenicolus,Not Specified,Not Specified,"Lip regions and lateral fields as seen by scanning electron microscopy: top left: Morulaimus arenicolus a; top right: M. sclerus ~; middle left: M. soldus a; middle right: Carphodorus bilineatus a; bottom left: lateral field of C. bilineatus a; bottom right: attachment of stylet muscles to stomatal rhabdions, Ibipora lolii  (Interference contrast).",Not Specified,Not Specified,001_Morulaimus_arenicolus.png,Not Specified,"M. R. SAUER, M. W. BRZESKI and R. N. CHAPMAN",Not Specified,Morulaimus,Morulaimus,"OBSERVATIONS ON THE MORPHOLOGY OF BELONOLAIMINAE  M. R. SAUER, M. W. BRZESKI and R. N. CHAPMAN",,ImageIndex_00058
ImageIndex_13572,Not Specified,Nematoda,Chromadorea,Rhabditida,Dolichodoridae,Morulaimus,Morulaimus gigas,Not Specified,Not Specified,Female Morulaimus gigas with conspicuous epiptygma and heavily sclerotized vagina vera.,Not Specified,Not Specified,002Morulaimus_gigas.png,Not Specified,"L. Nambiar, M. Quader, J. Nobbs",Not Specified,Morulaimus,Morulaimus,"Morulaimus gigas (Nematoda: Belonolaiminae) in southern and eastern Australia  L. Nambiar, M. Quader, J. Nobbs",,ImageIndex_00059
ImageIndex_13573,Not Specified,Nematoda,Chromadorea,Rhabditida,Dolichodoridae,Morulaimus,Morulaimus gigas,Not Specified,Not Specified,"Morulaimus gigas with four distinct lateral lines and outer bands areolated. (b) Annulated outer band and tail elongated, cylindrical with a rounded and annulated terminus of M. gigas.",Not Specified,Not Specified,001Morulaimus_gigas.png,Not Specified,"L. Nambiar, M. Quader, J. Nobbs",Not Specified,Morulaimus,Morulaimus,"Morulaimus gigas (Nematoda: Belonolaiminae) in southern and eastern Australia  L. Nambiar, M. Quader, J. Nobbs",,ImageIndex_00060
ImageIndex_13574,Not Specified,Nematoda,Chromadorea,Rhabditida,Heteroderidae,Sarisodera,Not Specified,Not Specified,Not Specified,"Brachydorus tenuis Female: A. Entire, B. Anterior, C. Head, D. TS lip region ÃƒÆ’Ã‚Â¯ Ã‚Â¿ Ã‚Â½ anterior and base, E. Posterior. Male: F. Head, G. Posterior, lateral view. H. Posterior, ventral view. From De Guiran and Germani (1968).",Not Specified,Not Specified,G025S1.jpg,Not Specified,Not Specified,Not Specified,Heterodera,Sarisodera,Not Specified,,ImageIndex_00061
ImageIndex_13575,Not Specified,Nematoda,Chromadorea,Rhabditida,Anguinidae,Nothotylenchus,Nothotylenchus phoenixae,Not Specified,Not Specified,"FIG. 1. Line drawing of Nothotylenchus phoenixae n. sp. A. Female entire body; B. Lip region; C. Pharyngeal region; D. Lateral field at midbody; E. Male entire body; F. Vulval region to the posterior body; G. Male posterior body; H. Female tail region. (A, E, F = 30 mm, B, C, G, H = 15 mm, and D = 10 mm).",Not Specified,Not Specified,Nothotylenchus_JON_493268275.2017.jpg,Not Specified,"MEHRAB ESMAEILI, RAMIN HEYDARI, AND WEIMIN YE",Not Specified,Nothotylenchus,Nothotylenchus,"Description of a New Anguinid Nematode, Nothotylenchus phoenixae n. sp. (Nematoda: Anguinidae) Associated with Palm Date Trees and Its Phylogenetic Relations within the Family Anguinidae",,ImageIndex_00062
ImageIndex_13576,Not Specified,Nematoda,Chromadorea,Rhabditida,Anguinidae,Nothotylenchus,Nothotylenchus phoenixae,Not Specified,Not Specified,"FIG. 2. Light micrographs of Nothotylenchus phoenixae n. sp. A to C. Female anterior body region (arrows are showing median bulb of the pharynx); D. Lateral field at mid-body; E. Pharyngeal basal bulb region; F. Vulval region showing vulva (arrow) and post vulval uterine sac (arrowhead); G. Female tail region; H, I. Male posterior body; J. Spicules. (All scale bars = 10 mm except I = 20 mm.)",Not Specified,Not Specified,JON_493268275.2017.jpg,Not Specified,"MEHRAB ESMAEILI, RAMIN HEYDARI, AND WEIMIN YE",Not Specified,Nothotylenchus,Nothotylenchus,"Description of a New Anguinid Nematode, Nothotylenchus phoenixae n. sp. (Nematoda: Anguinidae) Associated with Palm Date Trees and Its Phylogenetic Relations within the Family Anguinidae",,ImageIndex_00063
ImageIndex_13577,Not Specified,Nematoda,Enoplea,Dorylaimida,Longidoridae,Paralongidorus,Paralongidorus,Paralongidorus francolambertii,Not Specified,"Fig. 1. Paralongidorus francolambertii sp. n. Female: A: Anterior region; B: Anterior end showing amphidial fovea and cuticular collar (lateral view); C: Lip region showing cephalic lobes and cuticular collar (redrawn from SEM micrograph); D: Muscular bulb; E: Detail of anterior genital branch; K: Tail. Male: J: Posterior region. Juveniles: F-I: Posterior region, J1-J4, respectively. (Scale bar: A, B, D-K = 20 um; C = 2 um.)",Not Specified,Not Specified,001_BarsiandDeLuca_2017.jpg,Not Specified,Not Specified,Not Specified,Paralongidorus,Paralongidorus,"Barsi, & De Luca, Francesca. (2017). Morphological and molecular characterisation of Paralongidorus francolambertii sp. n. (Nematoda: Longidoridae) from Serbia. Nematology. 19. 10.1163/15685411-00003080.",Needle Nematode | ,ImageIndex_00064
ImageIndex_13578,Not Specified,Nematoda,Enoplea,Dorylaimida,Longidoridae,Paralongidorus,Paralongidorus,Paralongidorus francolambertii,Not Specified,"Fig. 2. Photomicrographs of Paralongidorus francolambertii sp. n. (female). A: Pharyngeal region; B, C: Anterior region; D: Anterior end, dorso-ventral view showing amphidial fovea; E-I: Anterior end, lateral view showing amphidial fovea (af), cuticular collar (cc), and cephalic lobe (cl); J: Detail of odontostyle (ost) and odontophore (oph); K: Cylindrical basal bulb (cylindrus) of the pharynx in two optical planes showing nuclei of dorsal and sub ventral glands (D = dorsal nucleus; glandularium = distance between the dorsal nucleus and posterior margin of cylindrus - signified by horizontal black lines; AS1 = anterior sub ventral nucleus, first; AS2 = anterior sub ventral nucleus, second); L-S: Tail region; T: Anterior genital branch. (Scale bars: A = 50 ÃŽÅ“m ; B-T = 20 ÃŽÅ“m .)",Not Specified,Not Specified,002_BarsiandDeLuca_2017.jpg,Not Specified,Not Specified,Not Specified,Paralongidorus,Paralongidorus,"Barsi, & De Luca, Francesca. (2017). Morphological and molecular characterisation of Paralongidorus francolambertii sp. n. (Nematoda: Longidoridae) from Serbia. Nematology. 19. 10.1163/15685411-00003080.",Needle Nematode | ,ImageIndex_00065
ImageIndex_13579,Not Specified,Nematoda,Enoplea,Dorylaimida,Longidoridae,Paralongidorus,Paralongidorus,Paralongidorus francolambertii,Not Specified,"Fig. 3. Photomicrographs of Paralongidorus francolambertii sp. n. (male). A: Anterior region; B, C: Anterior end, lateral view showing cephalic lobes (cl), amphidial fovea (af), and cuticular collar (cc); D-I, L: Tail region; J-K: Posterior body region; M: Anterior and posterior testis (partial); N: Testis with the germinative zone (gz) and maturation zone (mz). (Scale bars: A-L, N = 20 ÃŽÅ“m ; M = 100 ÃŽÅ“m .)",Not Specified,Not Specified,003_BarsiandDeLuca_2017.jpg,Not Specified,Not Specified,Not Specified,Paralongidorus,Paralongidorus,"Barsi, & De Luca, Francesca. (2017). Morphological and molecular characterisation of Paralongidorus francolambertii sp. n. (Nematoda: Longidoridae) from Serbia. Nematology. 19. 10.1163/15685411-00003080.",Needle Nematode | ,ImageIndex_00066
ImageIndex_13580,Not Specified,Nematoda,Enoplea,Dorylaimida,Longidoridae,Paralongidorus,Paralongidorus,Paralongidorus francolambertii,Not Specified,"Fig. 4. Photomicrographs of Paralongidorus francolambertii sp. n. (juvenile stages J1-J4). A-D: Anterior region of J1, J2, J3 and J4, respectively; E, F: Anterior end of J4 showing cephalic lobe (cl), amphidial fovea (af), and cuticular collar (cc); G-M: Tail of J1, J2, J3 and J4, respectively. (Scale bars = 10 ÃŽÅ“m .)",Not Specified,Not Specified,004_BarsiandDeLuca_2017.jpg,Not Specified,Not Specified,Not Specified,Paralongidorus,Paralongidorus,"Barsi, & De Luca, Francesca. (2017). Morphological and molecular characterisation of Paralongidorus francolambertii sp. n. (Nematoda: Longidoridae) from Serbia. Nematology. 19. 10.1163/15685411-00003080.",Needle Nematode | ,ImageIndex_00067
ImageIndex_13581,Not Specified,Nematoda,Enoplea,Dorylaimida,Longidoridae,Paralongidorus,Paralongidorus,Paralongidorus francolambertii,Not Specified,"Fig. 5. SEM photomicrographs of Paralongidorus francolambertii sp. n. A-C: Female head region in ventrolateral and lateral view showing cuticular collar (cc), cephalic lobe (cl), amphidial aperture (aa), neck (n), and sub cephalic furrow (sf); D: Female tail in lateral view (a = anal opening); E-J: Male tail in lateral view (E), male posterior region in various positions (F-H), lateral-ventral view - detail (I), ventral view - detail (J) (as = adanal supplements; mr = midventral ridge; ms = midventral supplements; sg = sub ventral groove).",Not Specified,Not Specified,005_BarsiandDeLuca_2017.jpg,Not Specified,Not Specified,Not Specified,Paralongidorus,Paralongidorus,"Barsi, & De Luca, Francesca. (2017). Morphological and molecular characterisation of Paralongidorus francolambertii sp. n. (Nematoda: Longidoridae) from Serbia. Nematology. 19. 10.1163/15685411-00003080.",Needle Nematode | ,ImageIndex_00068
ImageIndex_13582,Not Specified,Nematoda,Chromadorea,Rhabditida,Pratylenchidae,Pratylenchoides,Pratylenchoides ritteri,Not Specified,Not Specified,Anterior end and tail variations of Pratylenchoides ritteri. A-D & G-L: Female; E & F: Male (Scale-bars: 10 ÃŽÅ“m ).,Not Specified,Not Specified,Anterior-end-and-tail-variations-of-Pratylenchoides-ritteri-A-D-G-L-Female-E-F_W640.jpg,Not Specified,Reza Ghaderi,Not Specified,Pratylenchoides,Pratylenchoides,"Zameleh, Fariba & Karegar, Akbar & Ghaderi, Reza. (2018). ÃƒÂ¢Ã¢â€šÂ¬Ã‚Â«Plant-Parasitic Nematodes of Legume Fields and Their Distribution in Kermanshah Province, Iran. 339-350. 10.22067/jpp.v32i3.73071.",False Burrowing Nematode | ,ImageIndex_00069
ImageIndex_13583,Not Specified,Nematoda,Chromadorea,Rhabditida,Pratylenchidae,Radopholoides,Radopholoides similis,Not Specified,Not Specified,Not Specified,Not Specified,Not Specified,C7qWgEdVUAA2RV6.jfif,Not Specified,Not Specified,Not Specified,Radopholoides,Radopholoides,Not Specified,,ImageIndex_00070
ImageIndex_13584,Not Specified,Nematoda,Chromadorea,Rhabditida,Pratylenchidae,Radopholoides,Radopholoides similis,Not Specified,Not Specified,"Radopholus similis female head region (A) and entire body with vulva [v] near midbody (B). Photograph by Ã‚Â Nicholas Sekora, University of Florida, Entomology and Nematology Department.",Not Specified,Not Specified,Radopholus_similis08.jpg,Not Specified,Not Specified,Not Specified,Radopholoides,Radopholoides,Not Specified,,ImageIndex_00071
ImageIndex_13585,Not Specified,Nematoda,Chromadorea,Rhabditida,Pratylenchidae,Radopholoides,Radopholoides similis,Not Specified,Not Specified,"Radopholus similis male Head (A) and tail (B). Photograph by Nicholas Sekora, University of Florida, Entomology and Nematology Department.",Not Specified,Not Specified,Radopholus_similis07.jpg,Not Specified,Not Specified,Not Specified,Radopholoides,Radopholoides,Not Specified,,ImageIndex_00072
ImageIndex_13586,Not Specified,Nematoda,Chromadorea,Rhabditida,Pratylenchidae,Radopholoides,Radopholoides similis,Not Specified,Not Specified,"Radopholus similis, Ã‚Â Female (A) and male (B). The figure was used with permission from Ã‚Â Mohammed R. Siddiqi. CABI Bioscience.",Not Specified,Not Specified,Radopholus_similis06.jpg,Not Specified,Not Specified,Not Specified,Radopholoides,Radopholoides,Not Specified,,ImageIndex_00073
ImageIndex_13587,Not Specified,Nematoda,Chromadorea,Rhabditida,Pratylenchidae,Radopholus,Radopholus similis,Not Specified,Not Specified,Female head region (A) and entire body with vulva near midbody (B).,Not Specified,Not Specified,Radopholus_similis08.jpg,"University of Florida, Entomology and Nematology Department.",Nicholas Sekora,Not Specified,Radopholus,Radopholus,Not Specified,Banana Burrowing Nematode | Burrowing Nematode | ,ImageIndex_00074
ImageIndex_13588,Not Specified,Nematoda,Chromadorea,Rhabditida,Pratylenchidae,Radopholus,Radopholus similis,Not Specified,Not Specified,Male Anterior Region,Not Specified,Not Specified,C7qWgEdVUAA2RV6.jfif,Not Specified,Not Specified,Not Specified,Radopholus,Radopholus,Not Specified,Banana Burrowing Nematode | Burrowing Nematode | ,ImageIndex_00075
ImageIndex_13589,Not Specified,Nematoda,Chromadorea,Rhabditida,Pratylenchidae,Radopholus,Radopholus similis,Not Specified,Not Specified,"Radopholus similis, Ã‚Â Female (A) and male (B).",Not Specified,Not Specified,Radopholus_similis06.jpg,Mohammed R. Siddiqi,Mohammed R. Siddiqi,Not Specified,Radopholus,Radopholus,Not Specified,Banana Burrowing Nematode | Burrowing Nematode | ,ImageIndex_00076
ImageIndex_13590,Not Specified,Nematoda,Chromadorea,Rhabditida,Pratylenchidae,Radopholus,Radopholus similis,Not Specified,Not Specified,"Radopholus similis, Male Head (A) and tail (B).",Not Specified,Not Specified,Radopholus_similis07.jpg,"University of Florida, Entomology and Nematology Department.",Nicholas Sekora,Not Specified,Radopholus,Radopholus,Not Specified,Banana Burrowing Nematode | Burrowing Nematode | ,ImageIndex_00077
ImageIndex_13591,Not Specified,Nematoda,Chromadorea,Rhabditida,Pratylenchidae,Radopholus,Radopholus similis,Not Specified,Not Specified,"Tail morphology of Radopholus similis Female: A-B TypeItail C-D Type II tail E-H Type III tail I -J Type IV tail. Male: L-M TypeItail K, N Type II tail O-R Type III tail. A, E: RsB; B, F, G, P: RsW; C: RsP; D, I: RsA; H: RsC; J: RsHs; K-L: RsH; M-N: R: RsN; O: RsL; Q: RsXJ. Scale bar: A-R = 10  Ã‚Âµm.",Not Specified,Not Specified,oo_32462.jpg,Not Specified,Not Specified,Not Specified,Radopholus,Radopholus,"Xu C, Li Y, Xie H, Huang X, Wu W, Yu L, Wang D (2014) Morphological and karyotypic differences within and among populations of Radopholus similis. ZooKeys 444: 69-93. https://doi.org/10.3897/zookeys.444.8186",Banana Burrowing Nematode | Burrowing Nematode | ,ImageIndex_00078
ImageIndex_13592,Not Specified,Nematoda,Chromadorea,Rhabditida,Pratylenchidae,Radopholus,Radopholus sp.,Not Specified,Not Specified,Not Specified,Not Specified,Not Specified,E2m1fwkVEAgCT_r.jfif,Not Specified,Francine Perrine-Walker,https://pbs.twimg.com/media/E2m1fwkVEAgCT_r?format=jpg&name=900x900,Radopholus,Radopholus,Not Specified,Banana Burrowing Nematode | Burrowing Nematode | ,ImageIndex_00079
ImageIndex_13593,Not Specified,Nematoda,Chromadorea,Rhabditida,Hoplolaimidae,Helicotylenchus,Radopholus sp.,Not Specified,Not Specified,The body of Helicotylenchus and other spiral nematodes curve into a spiral when the nematode is dead or relaxed.,Not Specified,Not Specified,spiral_nematode02.jpg,University of Florida,William T. Crow,Not Specified,Helicotylenchus,Helicotylenchus,Not Specified,Banana Spiral Nematode | Cobb's Spiral Nematode | Spiral Nematode | ,ImageIndex_00080
ImageIndex_13594,Not Specified,Nematoda,Chromadorea,Rhabditida,Hoplolaimidae,Helicotylenchus,Radopholus sp.,Not Specified,Not Specified,"The body of Helicotylenchus spp. Curves into a spiral when the nematode is dead or relaxed, hence the common name spiral nematode.",Not Specified,Not Specified,spiral_nematode01.jpg,University of Florida,William T. Crow,Not Specified,Helicotylenchus,Helicotylenchus,Not Specified,Banana Spiral Nematode | Cobb's Spiral Nematode | Spiral Nematode | ,ImageIndex_00081
ImageIndex_13595,Not Specified,Nematoda,Chromadorea,Rhabditida,Aphelenchoididae,Rhadinaphelenchus,Rhadinaphelenchus cocophilus,Not Specified,Not Specified,"Fig. 1. Rhadinaphelenchus cocophilus. Diagramatic representation of the en face pattern. LD = Labial disc; OA = oral aperture; LL = lateral lip sectors; SD, SV = subdorsal and sub ventral lip sectors; AA = amphid aperture; CP = cephalic papilla; LS = lateral cephalic sector; SDS, SVS = subdorsal and sub ventral cephalic sectors.",Not Specified,Not Specified,001_Rhadinaphelenchus.png,Not Specified,Not Specified,Not Specified,Rhadinaphelenchus,Rhadinaphelenchus,"Giblin-Davis, Robin & Mundo-Ocampo, Manuel & Baldwin, J & Gerber, Karin & Griffith, R.. (1989). Observations on the morphology of the red ring nematode, Rhadinaphelenchus cocophilus (Nemata : Aphelenchoididae).",,ImageIndex_00082
ImageIndex_13596,Not Specified,Nematoda,Chromadorea,Rhabditida,Aphelenchoididae,Rhadinaphelenchus,Rhadinaphelenchus cocophilus,Not Specified,Not Specified,Fig. 2. Rhadinaphelenchus cocophilus. Scanning electron micrographs of the anterior end. A: En-face view of an adult female. Arrows = cephalic papillae; S = secretion?; B: En face view of an adult male; C: Nearly lateral view of adult female showing one amphid aperture; D : Lateral view of adult male (same scale as C).,Not Specified,Not Specified,002_Rhadinaphelenchus.png,Not Specified,Not Specified,Not Specified,Rhadinaphelenchus,Rhadinaphelenchus,"Giblin-Davis, Robin & Mundo-Ocampo, Manuel & Baldwin, J & Gerber, Karin & Griffith, R.. (1989). Observations on the morphology of the red ring nematode, Rhadinaphelenchus cocophilus (Nemata : Aphelenchoididae).",,ImageIndex_00083
ImageIndex_13597,Not Specified,Nematoda,Chromadorea,Rhabditida,Aphelenchoididae,Rhadinaphelenchus,Rhadinaphelenchus cocophilus,Not Specified,Not Specified,Fig. 3. Rhadinaphelenehus eoeophilus. Light photomicrographs of the spicules and posterior end of three different males (Bar = 10 um).,Not Specified,Not Specified,003_Rhadinaphelenchus.png,Not Specified,Not Specified,Not Specified,Rhadinaphelenchus,Rhadinaphelenchus,"Giblin-Davis, Robin & Mundo-Ocampo, Manuel & Baldwin, J & Gerber, Karin & Griffith, R.. (1989). Observations on the morphology of the red ring nematode, Rhadinaphelenchus cocophilus (Nemata : Aphelenchoididae).",,ImageIndex_00084
ImageIndex_13598,Not Specified,Nematoda,Chromadorea,Rhabditida,Aphelenchoididae,Rhadinaphelenchus,Rhadinaphelenchus cocophilus,Not Specified,Not Specified,Fig. 4. Rhadinaphelenchus cocophilus. Scanning electron micrographs of the posterior region of adult males. A: Subvcntral view of caudal region; C = cloacal opening; arrows = caudal papillae; CA = caudal alae; B: Enlarged ventral view from A showing position and detail of preanal papillae (arrows) and cloacal opening; C: Subventral view of postanal papillae (arrows) and subdorsal view of caudal alae; D: Ventral view of postanal papillae; E: Posterior view of the tips of the protracted spicules showing areas of separation and overlap (0); Enlargement of G; F: Nearly anterior ventral-Lateral view of the tips of the protracted spicules showing areas of separation and overlap (0); Scale same as E; G: Dorso-lateral view of the tail with the tips of the protracted spicules,Not Specified,Not Specified,004_Rhadinaphelenchus.png,Not Specified,Not Specified,Not Specified,Rhadinaphelenchus,Rhadinaphelenchus,"Giblin-Davis, Robin & Mundo-Ocampo, Manuel & Baldwin, J & Gerber, Karin & Griffith, R.. (1989). Observations on the morphology of the red ring nematode, Rhadinaphelenchus cocophilus (Nemata : Aphelenchoididae).",,ImageIndex_00085
ImageIndex_13599,Not Specified,Nematoda,Chromadorea,Rhabditida,Aphelenchoididae,Rhadinaphelenchus,Rhadinaphelenchus cocophilus,Not Specified,Not Specified,Fig. 5. Rhadinaphelenchus cocophilus. Scanning electron micrographs of the vulval and posterior region of adult females. A: Ventral view of the vulval slit; V = vulval slit; B: Lateral view of the vulval slit; C: Midbody region with four lines in the lateral field; D: Lateral view of tail; A = anus; E: Subventral view of the anus.,Not Specified,Not Specified,005_Rhadinaphelenchus.png,Not Specified,Not Specified,Not Specified,Rhadinaphelenchus,Rhadinaphelenchus,"Giblin-Davis, Robin & Mundo-Ocampo, Manuel & Baldwin, J & Gerber, Karin & Griffith, R.. (1989). Observations on the morphology of the red ring nematode, Rhadinaphelenchus cocophilus (Nemata : Aphelenchoididae).",,ImageIndex_00086
ImageIndex_13600,Not Specified,Cyanobacteria,Cyanophyceae,Nostocales,Nostocaceae,Sphaeronema,Sphaeronema alni,Not Specified,Not Specified,"Fig. 1. Light micrographs of Sphaeronema alni from Spain. A: Coiled second-stage juveniles (J2) partially released from eggshell; B: Entire J2 body; C, D: Anterior and posterior body portions of J2 with the anus (arrow); E-G: Anterior body portion of J2 showing DGO, pharynx and stylet; H, J: Swollen female; I: Excretory pore of adult female (arrow); K: Detail of excretory pore; L, M: Female anterior region and terminal cone. (Scale bars: A, B, H, I, J = 50 ÃŽÅ“m ; C-G, K-M = 20 ÃŽÅ“m .)",Not Specified,Not Specified,Sphaeronema_alni_4-Figure1-1.png,Not Specified,"J. E. Palomares-Rius, N. Vovlas, +6 authors P. Castillo",Not Specified,Not Specified,Sphaeronema,"Molecular and morphological characterisation of Sphaeronema alni Turkina & Chizhov, 1986 (Nematoda: Sphaeronematidae) from Spain compared with a topotype population from Russia",,ImageIndex_00087
ImageIndex_13601,Not Specified,Cyanobacteria,Cyanophyceae,Nostocales,Nostocaceae,Sphaeronema,Sphaeronema alni,Not Specified,Not Specified,"Fig. 2. SEM micrographs of Sphaeronema alni from Spain. A-C: Anterior, entire body and vulval region of an adult female. Note the circumoral elevation (A: arrow); D, G, I: Lateral, en face and profile views of second-stage juvenile (J2); E: J2 anus (arrow); F: Detail of annulation and anus position; H: Detail of lateral fields of J2. (Scale bars: A, D, G-I = 5 ÃŽÅ“m ; B = 100 ÃŽÅ“m ; C, E = 20 ÃŽÅ“m ; F = 10 ÃŽÅ“m .)",Not Specified,Not Specified,Sphaeronema_alni_5-Figure1-1.png,Not Specified,"J. E. Palomares-Rius, N. Vovlas, +6 authors P. Castillo",Not Specified,Not Specified,Sphaeronema,"Molecular and morphological characterisation of Sphaeronema alni Turkina & Chizhov, 1986 (Nematoda: Sphaeronematidae) from Spain compared with a topotype population from Russia",,ImageIndex_00088
ImageIndex_13602,Not Specified,Cyanobacteria,Cyanophyceae,Nostocales,Nostocaceae,Sphaeronema,Sphaeronema alni,Not Specified,Not Specified,"Fig. 3. Sphaeronema alni. A-D: Second-stage juvenile. A: Pharyngeal region; B: Entire body; C, D: Tail region. E-I: Mature female. E, F: Entire body; G: Pharyngeal region; H: Ventral view of vulval region; I: Adult parasitizing chestnut root.",Not Specified,Not Specified,Sphaeronema_alni_6-Figure3-1.png,Not Specified,"J. E. Palomares-Rius, N. Vovlas, +6 authors P. Castillo",Not Specified,Not Specified,Sphaeronema,"Molecular and morphological characterisation of Sphaeronema alni Turkina & Chizhov, 1986 (Nematoda: Sphaeronematidae) from Spain compared with a topotype population from Russia",,ImageIndex_00089
ImageIndex_13603,Not Specified,Cyanobacteria,Cyanophyceae,Nostocales,Nostocaceae,Sphaeronema,Sphaeronema sasseri,Not Specified,Not Specified,FIG. 4. Micrographs of second-stage juvenile of Sphaeronema sasseri n. sp. A) SEM of face View. B) SEM of lateral view. C) Light micrograph of Head (lateral). D) Light micrograph of the tail (lateral). E) SEM of the excised styler.,Not Specified,Not Specified,Sphaeronema_5-Figure4-1.png,Not Specified,"J. Eisenback,Ãƒâ€šÃ‚Â K. M. Hartman",Not Specified,Not Specified,Sphaeronema,"Sphaeronema sasseri n. sp. (Tylenchulidae), a Nematode Parasitic on Fraser Fir and Red Spruce.  J. Eisenback, K. M. Hartman",,ImageIndex_00090
ImageIndex_13604,Not Specified,Nematoda,Chromadorea,Rhabditida,Dolichodoridae,Telotylenchus,Telotylenchus baoulen,Not Specified,Not Specified,"Telotylenchus baoulen.ri.r n. sp. Femelle: a: partie ant6rieure; b: tÃƒÆ’Ã‚Âªte; c, d: partie post6rieure; e: coupe transversale dans la partie m6diane et portions correspondantes du champ lateral ; f: detail de la gonade. Male : g: h: partie posterieure; i: spicules et diffÃƒÆ’Ã‚Â©rentes formes du gubernaculum.",Not Specified,Not Specified,0001-2-Figure1-1.png,Not Specified,"G. Germani,Ãƒâ€šÃ‚Â C. Netscher",Not Specified,Telotylenchus,Telotylenchus,"Germani, Gaetano and Caspar Netscher. ÃƒÂ¢Ã¢â€šÂ¬Ã…â€œTelotylenchus Baoulensis N. Sp. Et Trichotylenchus Rectangularis N. Sp. (Nematoda, Tylenchoidea).ÃƒÂ¢Ã¢â€šÂ¬Ã‚ÂÃƒâ€šÃ‚Â NematologicaÃƒâ€šÃ‚Â 15 (1969): 347-352.",,ImageIndex_00091
ImageIndex_13605,Not Specified,Nematoda,Chromadorea,Rhabditida,Dolichodoridae,Telotylenchus,Telotylenchus manipurensis,Not Specified,Not Specified,"Telotylenchus manipurensis Bina, Mohilal & Manjur, 2016. Camera Lucida Drawings: E-Lateral Lines.",Not Specified,Not Specified,Telotylenchus-manipurensis-Bina-Mohilal-Manjur-2016-Camera-Lucida-Drawings_W640.jpg,Not Specified,Loukrakpam Bina Chanu,Not Specified,Telotylenchus,Telotylenchus,"Chanu, Loukrakpam & Mohilal, Naorem. (2022). PLANT PARASITIC AND PREDATORY NEMATODES OF MANIPUR.",,ImageIndex_00092
ImageIndex_13606,Not Specified,Nematoda,Chromadorea,Rhabditida,Dolichodoridae,Trichotylenchus,Trichotylenchus gorganiensis,Not Specified,Not Specified,"Diagnostic characters of Trichotylenchus gorganiensis n. sp. Female (A-F, H-J, L-N), male (G, H, K) and juvenile (H). A: Anterior end and pharyngeal region; B-D: Head and stylet; E: Pharyngeal basal bulb; F: Lateral field; G: Spicules and gubernaculum; H: Entire body; I-N: Posterior end. (Scale-bars: A = 20  Ã‚Âµm; B-G, I-N = 10  Ã‚Âµm; H = 100  Ã‚Âµm).",Not Specified,Not Specified,0003_figure.png,Not Specified,"Ghaderi, Reza;Ãƒâ€šÃ‚Â Karegar, Akbar;Ãƒâ€šÃ‚Â Miraeiz, Esmaeil",Not Specified,Trichotylenchus,Trichotylenchus,"Ghaderi, Reza, Karegar, Akbar & Miraeiz, Esmaeil, 2018, Morphological characterization of Trichotylenchus gorganiensis n. sp. (Nematoda: Dolichodoridae) and photomicrographs of several other species of the subfamily Telotylenchinae Siddiqi, 1960, pp. 447-480 in Zootaxa 4526 (4) on page 452, DOI: 10.11646/zootaxa.4526.4.3, http://zenodo.org/record/3714071",,ImageIndex_00093
ImageIndex_13607,Not Specified,Nematoda,Chromadorea,Rhabditida,Dolichodoridae,Trichotylenchus,Trichotylenchus gorganiensis,Not Specified,Not Specified,"Diagnostic characters of Trichotylenchus gorganiensis n. sp. Female (B, C, E, F, H-J) and male (A, D, G). A, B: Entire body; C, D: Head and stylet; E: Vulva, part of the reproductive system and lateral field; F: Anterior end and pharyngeal region; G  J: Posterior end. (Scale-bars: A, B = 100  Ã‚Âµm; C, D, H-J = 10  Ã‚Âµm; E-G = 20  Ã‚Âµm).",Not Specified,Not Specified,0002_figure.png,Not Specified,"Ghaderi, Reza;Ãƒâ€šÃ‚Â Karegar, Akbar;Ãƒâ€šÃ‚Â Miraeiz, Esmaeil",Not Specified,Trichotylenchus,Trichotylenchus,"Ghaderi, Reza, Karegar, Akbar & Miraeiz, Esmaeil, 2018, Morphological characterization of Trichotylenchus gorganiensis n. sp. (Nematoda: Dolichodoridae) and photomicrographs of several other species of the subfamily Telotylenchinae Siddiqi, 1960, pp. 447-480 in Zootaxa 4526 (4) on page 452, DOI: 10.11646/zootaxa.4526.4.3, http://zenodo.org/record/3714071",,ImageIndex_00094
ImageIndex_13608,Not Specified,Nematoda,Chromadorea,Rhabditida,Tylenchulidae,Tylenchulus,Tylenchulus musicola,Not Specified,Not Specified,"Fig. 1. Tylenchulus musicola sp. n. A: Entire body of second-stage juvenile; B, C, F, G: Posterior body portion of second-stage juveniles; D: Anterior body portion of the second-stage juvenile; E: Female; H: Entire body of male; I: Tail of male. (Scale bars: A, E-I = 20 ÃŽÅ“m ; B-D =10ÃŽÅ“m .)",Not Specified,Not Specified,Tylenchulus_001.png,Not Specified,Not Specified,Not Specified,Tylenchulus,Tylenchulus,"Description of Tylenchulus musicola sp.n.(Nematoda: Tylenchulidae) from banana in Iran with molecular phylogeny and characterisation of species of Tylenchulus Cobb, 1913  Zahra TANHA MAAFI1, Majid AMANI2,JasonD.STANLEY3,RenatoN.INSERRA3, Esther VAN DEN BERG4 and Sergei A. SUBBOTIN",Citrus Nematode | ,ImageIndex_00095
ImageIndex_13609,Not Specified,Nematoda,Chromadorea,Rhabditida,Tylenchulidae,Tylenchulus,Tylenchulus musicola,Not Specified,Not Specified,"Fig. 2. Light micrographs of females of Tylenchulus musicola sp. n. A: Entire body; B, C: Head region; D-F: Vulva and tail region",Not Specified,Not Specified,Tylenchulus_002.png,Not Specified,Not Specified,Not Specified,Tylenchulus,Tylenchulus,"Description of Tylenchulus musicola sp.n.(Nematoda: Tylenchulidae) from banana in Iran with molecular phylogeny and characterisation of species of Tylenchulus Cobb, 1913  Zahra TANHA MAAFI1, Majid AMANI2,JasonD.STANLEY3,RenatoN.INSERRA3, Esther VAN DEN BERG4 and Sergei A. SUBBOTIN",Citrus Nematode | ,ImageIndex_00096
ImageIndex_13610,Not Specified,Nematoda,Chromadorea,Rhabditida,Tylenchulidae,Tylenchulus,Tylenchulus semipenetrans,Not Specified,Not Specified,"Vermiform second-stage juvenile (J2) of the citrus nematode, Tylenchulus semipenitrans (Cobb, 1913). Photograph by Nicholas S. Sekora, University of Florida.",Not Specified,Not Specified,citrus_nematode01.jpg,University of Florida,Nicholas S. Sekora,Not Specified,Tylenchulus,Tylenchulus,Not Specified,Citrus Nematode | ,ImageIndex_00097
ImageIndex_13611,Not Specified,Nematoda,Chromadorea,Rhabditida,Tylenchulidae,Tylenchulus,Tylenchulus sp.,Not Specified,Not Specified,"Fig. 3. Light micrographs of second-stage juveniles of Tylenchulus species. A: Entire body; B-F: Head; G-K: Posterior body portion and tail; A, B, G: T. musicola sp. n.; C, H: T. semipenetrans;D,I:T. furcus;E,J:T. graminis; F,K: T. palustris.",Not Specified,Not Specified,Tylenchulus_003.png,Not Specified,Not Specified,Not Specified,Tylenchulus,Tylenchulus,"Description of Tylenchulus musicola sp.n.(Nematoda: Tylenchulidae) from banana in Iran with molecular phylogeny and characterisation of species of Tylenchulus Cobb, 1913  Zahra TANHA MAAFI1, Majid AMANI2,JasonD.STANLEY3,RenatoN.INSERRA3, Esther VAN DEN BERG4 and Sergei A. SUBBOTIN",Citrus Nematode | ,ImageIndex_00098
ImageIndex_13612,Not Specified,Nematoda,Chromadorea,Rhabditida,Tylenchulidae,Tylenchulus,Tylenchulus sp.,Not Specified,Not Specified,Fig.4. Light micrographs of the posterior body portion and tail terminus of second-stage juveniles of Tylenchulus species. A: T.musicola sp.; B: T.semipenetrans; C:T.furcus;D:T.graminis;E:T.palustris.,Not Specified,Not Specified,Tylenchulus_004.png,Not Specified,Not Specified,Not Specified,Tylenchulus,Tylenchulus,"Description of Tylenchulus musicola sp.n.(Nematoda: Tylenchulidae) from banana in Iran with molecular phylogeny and characterisation of species of Tylenchulus Cobb, 1913  Zahra TANHA MAAFI1, Majid AMANI2,JasonD.STANLEY3,RenatoN.INSERRA3, Esther VAN DEN BERG4 and Sergei A. SUBBOTIN",Citrus Nematode | ,ImageIndex_00099
ImageIndex_13613,Not Specified,Nematoda,Chromadorea,Rhabditida,Dolichodoridae,Telotylenchus,Tylenchus conicaudus,Not Specified,Not Specified,"Tylenchus conicaudus Bina Chanu, Mohilal Meitei & Manjur Shah 2016.",Not Specified,Not Specified,Tylenchus-conicaudus-Bina-Chanu-Mohilal-Meitei-Manjur-Shah-2016_W640.jpg,Not Specified,Loukrakpam Bina Chanu,Not Specified,Telotylenchus,Telotylenchus,"Chanu, Loukrakpam & Mohilal, Naorem. (2022). PLANT PARASITIC AND PREDATORY NEMATODES OF MANIPUR.",,ImageIndex_00100
